ISO-10303-21;
HEADER;
/* Generated by software containing ST-Developer
 * from STEP Tools, Inc. (www.steptools.com) 
 */

FILE_DESCRIPTION(
/* description */ (''),
/* implementation_level */ '2;1');

FILE_NAME(
/* name */ 'VolkswagenLogo.step',
/* time_stamp */ '2026-10-03T23:29:41+01:00',
/* author */ (''),
/* organization */ (''),
/* preprocessor_version */ 'ST-DEVELOPER v20.2',
/* originating_system */ 'Autodesk Translation Framework v15.15.0.0',
/* authorisation */ '');

FILE_SCHEMA (('AUTOMOTIVE_DESIGN { 1 0 10303 214 3 1 1 }'));
ENDSEC;

DATA;
#10=MECHANICAL_DESIGN_GEOMETRIC_PRESENTATION_REPRESENTATION('',(#13),#1574);
#11=SHAPE_REPRESENTATION_RELATIONSHIP('SRR','None',#1581,#12);
#12=ADVANCED_BREP_SHAPE_REPRESENTATION('',(#14),#1573);
#13=STYLED_ITEM('',(#1590),#14);
#14=MANIFOLD_SOLID_BREP('Body2',#842);
#15=FACE_BOUND('',#187,.T.);
#16=FACE_BOUND('',#188,.T.);
#17=FACE_BOUND('',#189,.T.);
#18=FACE_BOUND('',#191,.T.);
#19=FACE_BOUND('',#192,.T.);
#20=FACE_BOUND('',#193,.T.);
#21=CIRCLE('',#859,2.71601550820417);
#22=CIRCLE('',#860,2.71601550820417);
#23=CYLINDRICAL_SURFACE('',#858,2.71601550820417);
#24=(
BOUNDED_CURVE()
B_SPLINE_CURVE(3,(#1003,#1004,#1005,#1006),.UNSPECIFIED.,.F.,.F.)
B_SPLINE_CURVE_WITH_KNOTS((4,4),(-1.,0.),.UNSPECIFIED.)
CURVE()
GEOMETRIC_REPRESENTATION_ITEM()
RATIONAL_B_SPLINE_CURVE((1.,1.,1.,1.))
REPRESENTATION_ITEM('')
);
#25=(
BOUNDED_CURVE()
B_SPLINE_CURVE(3,(#1008,#1009,#1010,#1011),.UNSPECIFIED.,.F.,.F.)
B_SPLINE_CURVE_WITH_KNOTS((4,4),(-1.,0.),.UNSPECIFIED.)
CURVE()
GEOMETRIC_REPRESENTATION_ITEM()
RATIONAL_B_SPLINE_CURVE((1.,1.,1.,1.))
REPRESENTATION_ITEM('')
);
#26=(
BOUNDED_CURVE()
B_SPLINE_CURVE(3,(#1022,#1023,#1024,#1025),.UNSPECIFIED.,.F.,.F.)
B_SPLINE_CURVE_WITH_KNOTS((4,4),(-1.,0.),.UNSPECIFIED.)
CURVE()
GEOMETRIC_REPRESENTATION_ITEM()
RATIONAL_B_SPLINE_CURVE((1.,1.,1.,1.))
REPRESENTATION_ITEM('')
);
#27=(
BOUNDED_CURVE()
B_SPLINE_CURVE(3,(#1027,#1028,#1029,#1030),.UNSPECIFIED.,.F.,.F.)
B_SPLINE_CURVE_WITH_KNOTS((4,4),(-1.,0.),.UNSPECIFIED.)
CURVE()
GEOMETRIC_REPRESENTATION_ITEM()
RATIONAL_B_SPLINE_CURVE((1.,1.,1.,1.))
REPRESENTATION_ITEM('')
);
#28=(
BOUNDED_CURVE()
B_SPLINE_CURVE(3,(#1059,#1060,#1061,#1062),.UNSPECIFIED.,.F.,.F.)
B_SPLINE_CURVE_WITH_KNOTS((4,4),(-1.,0.),.UNSPECIFIED.)
CURVE()
GEOMETRIC_REPRESENTATION_ITEM()
RATIONAL_B_SPLINE_CURVE((1.,1.,1.,1.))
REPRESENTATION_ITEM('')
);
#29=(
BOUNDED_CURVE()
B_SPLINE_CURVE(3,(#1064,#1065,#1066,#1067),.UNSPECIFIED.,.F.,.F.)
B_SPLINE_CURVE_WITH_KNOTS((4,4),(-1.,0.),.UNSPECIFIED.)
CURVE()
GEOMETRIC_REPRESENTATION_ITEM()
RATIONAL_B_SPLINE_CURVE((1.,1.,1.,1.))
REPRESENTATION_ITEM('')
);
#30=(
BOUNDED_CURVE()
B_SPLINE_CURVE(3,(#1084,#1085,#1086,#1087),.UNSPECIFIED.,.F.,.F.)
B_SPLINE_CURVE_WITH_KNOTS((4,4),(-1.,0.),.UNSPECIFIED.)
CURVE()
GEOMETRIC_REPRESENTATION_ITEM()
RATIONAL_B_SPLINE_CURVE((1.,1.,1.,1.))
REPRESENTATION_ITEM('')
);
#31=(
BOUNDED_CURVE()
B_SPLINE_CURVE(3,(#1089,#1090,#1091,#1092),.UNSPECIFIED.,.F.,.F.)
B_SPLINE_CURVE_WITH_KNOTS((4,4),(-1.,0.),.UNSPECIFIED.)
CURVE()
GEOMETRIC_REPRESENTATION_ITEM()
RATIONAL_B_SPLINE_CURVE((1.,1.,1.,1.))
REPRESENTATION_ITEM('')
);
#32=(
BOUNDED_CURVE()
B_SPLINE_CURVE(3,(#1109,#1110,#1111,#1112),.UNSPECIFIED.,.F.,.F.)
B_SPLINE_CURVE_WITH_KNOTS((4,4),(-1.,0.),.UNSPECIFIED.)
CURVE()
GEOMETRIC_REPRESENTATION_ITEM()
RATIONAL_B_SPLINE_CURVE((1.,1.,1.,1.))
REPRESENTATION_ITEM('')
);
#33=(
BOUNDED_CURVE()
B_SPLINE_CURVE(3,(#1114,#1115,#1116,#1117),.UNSPECIFIED.,.F.,.F.)
B_SPLINE_CURVE_WITH_KNOTS((4,4),(-1.,0.),.UNSPECIFIED.)
CURVE()
GEOMETRIC_REPRESENTATION_ITEM()
RATIONAL_B_SPLINE_CURVE((1.,1.,1.,1.))
REPRESENTATION_ITEM('')
);
#34=(
BOUNDED_CURVE()
B_SPLINE_CURVE(3,(#1134,#1135,#1136,#1137),.UNSPECIFIED.,.F.,.F.)
B_SPLINE_CURVE_WITH_KNOTS((4,4),(-1.,0.),.UNSPECIFIED.)
CURVE()
GEOMETRIC_REPRESENTATION_ITEM()
RATIONAL_B_SPLINE_CURVE((1.,1.,1.,1.))
REPRESENTATION_ITEM('')
);
#35=(
BOUNDED_CURVE()
B_SPLINE_CURVE(3,(#1139,#1140,#1141,#1142),.UNSPECIFIED.,.F.,.F.)
B_SPLINE_CURVE_WITH_KNOTS((4,4),(-1.,0.),.UNSPECIFIED.)
CURVE()
GEOMETRIC_REPRESENTATION_ITEM()
RATIONAL_B_SPLINE_CURVE((1.,1.,1.,1.))
REPRESENTATION_ITEM('')
);
#36=(
BOUNDED_CURVE()
B_SPLINE_CURVE(3,(#1153,#1154,#1155,#1156),.UNSPECIFIED.,.F.,.F.)
B_SPLINE_CURVE_WITH_KNOTS((4,4),(-1.,0.),.UNSPECIFIED.)
CURVE()
GEOMETRIC_REPRESENTATION_ITEM()
RATIONAL_B_SPLINE_CURVE((1.,1.,1.,1.))
REPRESENTATION_ITEM('')
);
#37=(
BOUNDED_CURVE()
B_SPLINE_CURVE(3,(#1158,#1159,#1160,#1161),.UNSPECIFIED.,.F.,.F.)
B_SPLINE_CURVE_WITH_KNOTS((4,4),(-1.,0.),.UNSPECIFIED.)
CURVE()
GEOMETRIC_REPRESENTATION_ITEM()
RATIONAL_B_SPLINE_CURVE((1.,1.,1.,1.))
REPRESENTATION_ITEM('')
);
#38=(
BOUNDED_CURVE()
B_SPLINE_CURVE(3,(#1178,#1179,#1180,#1181),.UNSPECIFIED.,.F.,.F.)
B_SPLINE_CURVE_WITH_KNOTS((4,4),(-1.,0.),.UNSPECIFIED.)
CURVE()
GEOMETRIC_REPRESENTATION_ITEM()
RATIONAL_B_SPLINE_CURVE((1.,1.,1.,1.))
REPRESENTATION_ITEM('')
);
#39=(
BOUNDED_CURVE()
B_SPLINE_CURVE(3,(#1183,#1184,#1185,#1186),.UNSPECIFIED.,.F.,.F.)
B_SPLINE_CURVE_WITH_KNOTS((4,4),(-1.,0.),.UNSPECIFIED.)
CURVE()
GEOMETRIC_REPRESENTATION_ITEM()
RATIONAL_B_SPLINE_CURVE((1.,1.,1.,1.))
REPRESENTATION_ITEM('')
);
#40=(
BOUNDED_CURVE()
B_SPLINE_CURVE(3,(#1203,#1204,#1205,#1206),.UNSPECIFIED.,.F.,.F.)
B_SPLINE_CURVE_WITH_KNOTS((4,4),(-1.,0.),.UNSPECIFIED.)
CURVE()
GEOMETRIC_REPRESENTATION_ITEM()
RATIONAL_B_SPLINE_CURVE((1.,1.,1.,1.))
REPRESENTATION_ITEM('')
);
#41=(
BOUNDED_CURVE()
B_SPLINE_CURVE(3,(#1208,#1209,#1210,#1211),.UNSPECIFIED.,.F.,.F.)
B_SPLINE_CURVE_WITH_KNOTS((4,4),(-1.,0.),.UNSPECIFIED.)
CURVE()
GEOMETRIC_REPRESENTATION_ITEM()
RATIONAL_B_SPLINE_CURVE((1.,1.,1.,1.))
REPRESENTATION_ITEM('')
);
#42=(
BOUNDED_CURVE()
B_SPLINE_CURVE(3,(#1228,#1229,#1230,#1231),.UNSPECIFIED.,.F.,.F.)
B_SPLINE_CURVE_WITH_KNOTS((4,4),(-1.,0.),.UNSPECIFIED.)
CURVE()
GEOMETRIC_REPRESENTATION_ITEM()
RATIONAL_B_SPLINE_CURVE((1.,1.,1.,1.))
REPRESENTATION_ITEM('')
);
#43=(
BOUNDED_CURVE()
B_SPLINE_CURVE(3,(#1233,#1234,#1235,#1236),.UNSPECIFIED.,.F.,.F.)
B_SPLINE_CURVE_WITH_KNOTS((4,4),(-1.,0.),.UNSPECIFIED.)
CURVE()
GEOMETRIC_REPRESENTATION_ITEM()
RATIONAL_B_SPLINE_CURVE((1.,1.,1.,1.))
REPRESENTATION_ITEM('')
);
#44=(
BOUNDED_CURVE()
B_SPLINE_CURVE(3,(#1247,#1248,#1249,#1250),.UNSPECIFIED.,.F.,.F.)
B_SPLINE_CURVE_WITH_KNOTS((4,4),(-1.,0.),.UNSPECIFIED.)
CURVE()
GEOMETRIC_REPRESENTATION_ITEM()
RATIONAL_B_SPLINE_CURVE((1.,1.,1.,1.))
REPRESENTATION_ITEM('')
);
#45=(
BOUNDED_CURVE()
B_SPLINE_CURVE(3,(#1252,#1253,#1254,#1255),.UNSPECIFIED.,.F.,.F.)
B_SPLINE_CURVE_WITH_KNOTS((4,4),(-1.,0.),.UNSPECIFIED.)
CURVE()
GEOMETRIC_REPRESENTATION_ITEM()
RATIONAL_B_SPLINE_CURVE((1.,1.,1.,1.))
REPRESENTATION_ITEM('')
);
#46=(
BOUNDED_CURVE()
B_SPLINE_CURVE(3,(#1271,#1272,#1273,#1274),.UNSPECIFIED.,.F.,.F.)
B_SPLINE_CURVE_WITH_KNOTS((4,4),(-1.,0.),.UNSPECIFIED.)
CURVE()
GEOMETRIC_REPRESENTATION_ITEM()
RATIONAL_B_SPLINE_CURVE((1.,1.,1.,1.))
REPRESENTATION_ITEM('')
);
#47=(
BOUNDED_CURVE()
B_SPLINE_CURVE(3,(#1275,#1276,#1277,#1278),.UNSPECIFIED.,.F.,.F.)
B_SPLINE_CURVE_WITH_KNOTS((4,4),(-1.,0.),.UNSPECIFIED.)
CURVE()
GEOMETRIC_REPRESENTATION_ITEM()
RATIONAL_B_SPLINE_CURVE((1.,1.,1.,1.))
REPRESENTATION_ITEM('')
);
#48=(
BOUNDED_CURVE()
B_SPLINE_CURVE(3,(#1297,#1298,#1299,#1300),.UNSPECIFIED.,.F.,.F.)
B_SPLINE_CURVE_WITH_KNOTS((4,4),(-1.,0.),.UNSPECIFIED.)
CURVE()
GEOMETRIC_REPRESENTATION_ITEM()
RATIONAL_B_SPLINE_CURVE((1.,1.,1.,1.))
REPRESENTATION_ITEM('')
);
#49=(
BOUNDED_CURVE()
B_SPLINE_CURVE(3,(#1302,#1303,#1304,#1305),.UNSPECIFIED.,.F.,.F.)
B_SPLINE_CURVE_WITH_KNOTS((4,4),(-1.,0.),.UNSPECIFIED.)
CURVE()
GEOMETRIC_REPRESENTATION_ITEM()
RATIONAL_B_SPLINE_CURVE((1.,1.,1.,1.))
REPRESENTATION_ITEM('')
);
#50=(
BOUNDED_CURVE()
B_SPLINE_CURVE(3,(#1316,#1317,#1318,#1319),.UNSPECIFIED.,.F.,.F.)
B_SPLINE_CURVE_WITH_KNOTS((4,4),(-1.,0.),.UNSPECIFIED.)
CURVE()
GEOMETRIC_REPRESENTATION_ITEM()
RATIONAL_B_SPLINE_CURVE((1.,1.,1.,1.))
REPRESENTATION_ITEM('')
);
#51=(
BOUNDED_CURVE()
B_SPLINE_CURVE(3,(#1321,#1322,#1323,#1324),.UNSPECIFIED.,.F.,.F.)
B_SPLINE_CURVE_WITH_KNOTS((4,4),(-1.,0.),.UNSPECIFIED.)
CURVE()
GEOMETRIC_REPRESENTATION_ITEM()
RATIONAL_B_SPLINE_CURVE((1.,1.,1.,1.))
REPRESENTATION_ITEM('')
);
#52=(
BOUNDED_CURVE()
B_SPLINE_CURVE(3,(#1341,#1342,#1343,#1344),.UNSPECIFIED.,.F.,.F.)
B_SPLINE_CURVE_WITH_KNOTS((4,4),(-1.,0.),.UNSPECIFIED.)
CURVE()
GEOMETRIC_REPRESENTATION_ITEM()
RATIONAL_B_SPLINE_CURVE((1.,1.,1.,1.))
REPRESENTATION_ITEM('')
);
#53=(
BOUNDED_CURVE()
B_SPLINE_CURVE(3,(#1346,#1347,#1348,#1349),.UNSPECIFIED.,.F.,.F.)
B_SPLINE_CURVE_WITH_KNOTS((4,4),(-1.,0.),.UNSPECIFIED.)
CURVE()
GEOMETRIC_REPRESENTATION_ITEM()
RATIONAL_B_SPLINE_CURVE((1.,1.,1.,1.))
REPRESENTATION_ITEM('')
);
#54=(
BOUNDED_CURVE()
B_SPLINE_CURVE(3,(#1360,#1361,#1362,#1363),.UNSPECIFIED.,.F.,.F.)
B_SPLINE_CURVE_WITH_KNOTS((4,4),(-1.,0.),.UNSPECIFIED.)
CURVE()
GEOMETRIC_REPRESENTATION_ITEM()
RATIONAL_B_SPLINE_CURVE((1.,1.,1.,1.))
REPRESENTATION_ITEM('')
);
#55=(
BOUNDED_CURVE()
B_SPLINE_CURVE(3,(#1365,#1366,#1367,#1368),.UNSPECIFIED.,.F.,.F.)
B_SPLINE_CURVE_WITH_KNOTS((4,4),(-1.,0.),.UNSPECIFIED.)
CURVE()
GEOMETRIC_REPRESENTATION_ITEM()
RATIONAL_B_SPLINE_CURVE((1.,1.,1.,1.))
REPRESENTATION_ITEM('')
);
#56=(
BOUNDED_CURVE()
B_SPLINE_CURVE(3,(#1385,#1386,#1387,#1388),.UNSPECIFIED.,.F.,.F.)
B_SPLINE_CURVE_WITH_KNOTS((4,4),(-1.,0.),.UNSPECIFIED.)
CURVE()
GEOMETRIC_REPRESENTATION_ITEM()
RATIONAL_B_SPLINE_CURVE((1.,1.,1.,1.))
REPRESENTATION_ITEM('')
);
#57=(
BOUNDED_CURVE()
B_SPLINE_CURVE(3,(#1390,#1391,#1392,#1393),.UNSPECIFIED.,.F.,.F.)
B_SPLINE_CURVE_WITH_KNOTS((4,4),(-1.,0.),.UNSPECIFIED.)
CURVE()
GEOMETRIC_REPRESENTATION_ITEM()
RATIONAL_B_SPLINE_CURVE((1.,1.,1.,1.))
REPRESENTATION_ITEM('')
);
#58=(
BOUNDED_CURVE()
B_SPLINE_CURVE(3,(#1404,#1405,#1406,#1407),.UNSPECIFIED.,.F.,.F.)
B_SPLINE_CURVE_WITH_KNOTS((4,4),(-1.,0.),.UNSPECIFIED.)
CURVE()
GEOMETRIC_REPRESENTATION_ITEM()
RATIONAL_B_SPLINE_CURVE((1.,1.,1.,1.))
REPRESENTATION_ITEM('')
);
#59=(
BOUNDED_CURVE()
B_SPLINE_CURVE(3,(#1409,#1410,#1411,#1412),.UNSPECIFIED.,.F.,.F.)
B_SPLINE_CURVE_WITH_KNOTS((4,4),(-1.,0.),.UNSPECIFIED.)
CURVE()
GEOMETRIC_REPRESENTATION_ITEM()
RATIONAL_B_SPLINE_CURVE((1.,1.,1.,1.))
REPRESENTATION_ITEM('')
);
#60=(
BOUNDED_CURVE()
B_SPLINE_CURVE(3,(#1429,#1430,#1431,#1432),.UNSPECIFIED.,.F.,.F.)
B_SPLINE_CURVE_WITH_KNOTS((4,4),(-1.,0.),.UNSPECIFIED.)
CURVE()
GEOMETRIC_REPRESENTATION_ITEM()
RATIONAL_B_SPLINE_CURVE((1.,1.,1.,1.))
REPRESENTATION_ITEM('')
);
#61=(
BOUNDED_CURVE()
B_SPLINE_CURVE(3,(#1434,#1435,#1436,#1437),.UNSPECIFIED.,.F.,.F.)
B_SPLINE_CURVE_WITH_KNOTS((4,4),(-1.,0.),.UNSPECIFIED.)
CURVE()
GEOMETRIC_REPRESENTATION_ITEM()
RATIONAL_B_SPLINE_CURVE((1.,1.,1.,1.))
REPRESENTATION_ITEM('')
);
#62=(
BOUNDED_CURVE()
B_SPLINE_CURVE(3,(#1448,#1449,#1450,#1451),.UNSPECIFIED.,.F.,.F.)
B_SPLINE_CURVE_WITH_KNOTS((4,4),(-1.,0.),.UNSPECIFIED.)
CURVE()
GEOMETRIC_REPRESENTATION_ITEM()
RATIONAL_B_SPLINE_CURVE((1.,1.,1.,1.))
REPRESENTATION_ITEM('')
);
#63=(
BOUNDED_CURVE()
B_SPLINE_CURVE(3,(#1453,#1454,#1455,#1456),.UNSPECIFIED.,.F.,.F.)
B_SPLINE_CURVE_WITH_KNOTS((4,4),(-1.,0.),.UNSPECIFIED.)
CURVE()
GEOMETRIC_REPRESENTATION_ITEM()
RATIONAL_B_SPLINE_CURVE((1.,1.,1.,1.))
REPRESENTATION_ITEM('')
);
#64=(
BOUNDED_CURVE()
B_SPLINE_CURVE(3,(#1467,#1468,#1469,#1470),.UNSPECIFIED.,.F.,.F.)
B_SPLINE_CURVE_WITH_KNOTS((4,4),(-1.,0.),.UNSPECIFIED.)
CURVE()
GEOMETRIC_REPRESENTATION_ITEM()
RATIONAL_B_SPLINE_CURVE((1.,1.,1.,1.))
REPRESENTATION_ITEM('')
);
#65=(
BOUNDED_CURVE()
B_SPLINE_CURVE(3,(#1472,#1473,#1474,#1475),.UNSPECIFIED.,.F.,.F.)
B_SPLINE_CURVE_WITH_KNOTS((4,4),(-1.,0.),.UNSPECIFIED.)
CURVE()
GEOMETRIC_REPRESENTATION_ITEM()
RATIONAL_B_SPLINE_CURVE((1.,1.,1.,1.))
REPRESENTATION_ITEM('')
);
#66=(
BOUNDED_CURVE()
B_SPLINE_CURVE(3,(#1485,#1486,#1487,#1488),.UNSPECIFIED.,.F.,.F.)
B_SPLINE_CURVE_WITH_KNOTS((4,4),(-1.,0.),.UNSPECIFIED.)
CURVE()
GEOMETRIC_REPRESENTATION_ITEM()
RATIONAL_B_SPLINE_CURVE((1.,1.,1.,1.))
REPRESENTATION_ITEM('')
);
#67=(
BOUNDED_CURVE()
B_SPLINE_CURVE(3,(#1489,#1490,#1491,#1492),.UNSPECIFIED.,.F.,.F.)
B_SPLINE_CURVE_WITH_KNOTS((4,4),(-1.,0.),.UNSPECIFIED.)
CURVE()
GEOMETRIC_REPRESENTATION_ITEM()
RATIONAL_B_SPLINE_CURVE((1.,1.,1.,1.))
REPRESENTATION_ITEM('')
);
#68=(
BOUNDED_CURVE()
B_SPLINE_CURVE(3,(#1503,#1504,#1505,#1506),.UNSPECIFIED.,.F.,.F.)
B_SPLINE_CURVE_WITH_KNOTS((4,4),(0.,1.),.UNSPECIFIED.)
CURVE()
GEOMETRIC_REPRESENTATION_ITEM()
RATIONAL_B_SPLINE_CURVE((1.,1.,1.,1.))
REPRESENTATION_ITEM('')
);
#69=(
BOUNDED_CURVE()
B_SPLINE_CURVE(3,(#1510,#1511,#1512,#1513),.UNSPECIFIED.,.F.,.F.)
B_SPLINE_CURVE_WITH_KNOTS((4,4),(-1.,0.),.UNSPECIFIED.)
CURVE()
GEOMETRIC_REPRESENTATION_ITEM()
RATIONAL_B_SPLINE_CURVE((1.,1.,1.,1.))
REPRESENTATION_ITEM('')
);
#70=(
BOUNDED_CURVE()
B_SPLINE_CURVE(3,(#1524,#1525,#1526,#1527),.UNSPECIFIED.,.F.,.F.)
B_SPLINE_CURVE_WITH_KNOTS((4,4),(0.,1.),.UNSPECIFIED.)
CURVE()
GEOMETRIC_REPRESENTATION_ITEM()
RATIONAL_B_SPLINE_CURVE((1.,1.,1.,1.))
REPRESENTATION_ITEM('')
);
#71=(
BOUNDED_CURVE()
B_SPLINE_CURVE(3,(#1529,#1530,#1531,#1532),.UNSPECIFIED.,.F.,.F.)
B_SPLINE_CURVE_WITH_KNOTS((4,4),(-1.,0.),.UNSPECIFIED.)
CURVE()
GEOMETRIC_REPRESENTATION_ITEM()
RATIONAL_B_SPLINE_CURVE((1.,1.,1.,1.))
REPRESENTATION_ITEM('')
);
#72=(
BOUNDED_CURVE()
B_SPLINE_CURVE(3,(#1543,#1544,#1545,#1546),.UNSPECIFIED.,.F.,.F.)
B_SPLINE_CURVE_WITH_KNOTS((4,4),(0.,1.),.UNSPECIFIED.)
CURVE()
GEOMETRIC_REPRESENTATION_ITEM()
RATIONAL_B_SPLINE_CURVE((1.,1.,1.,1.))
REPRESENTATION_ITEM('')
);
#73=(
BOUNDED_CURVE()
B_SPLINE_CURVE(3,(#1548,#1549,#1550,#1551),.UNSPECIFIED.,.F.,.F.)
B_SPLINE_CURVE_WITH_KNOTS((4,4),(-1.,0.),.UNSPECIFIED.)
CURVE()
GEOMETRIC_REPRESENTATION_ITEM()
RATIONAL_B_SPLINE_CURVE((1.,1.,1.,1.))
REPRESENTATION_ITEM('')
);
#74=(
BOUNDED_CURVE()
B_SPLINE_CURVE(3,(#1561,#1562,#1563,#1564),.UNSPECIFIED.,.F.,.F.)
B_SPLINE_CURVE_WITH_KNOTS((4,4),(0.,1.),.UNSPECIFIED.)
CURVE()
GEOMETRIC_REPRESENTATION_ITEM()
RATIONAL_B_SPLINE_CURVE((1.,1.,1.,1.))
REPRESENTATION_ITEM('')
);
#75=(
BOUNDED_CURVE()
B_SPLINE_CURVE(3,(#1565,#1566,#1567,#1568),.UNSPECIFIED.,.F.,.F.)
B_SPLINE_CURVE_WITH_KNOTS((4,4),(-1.,0.),.UNSPECIFIED.)
CURVE()
GEOMETRIC_REPRESENTATION_ITEM()
RATIONAL_B_SPLINE_CURVE((1.,1.,1.,1.))
REPRESENTATION_ITEM('')
);
#76=(
BOUNDED_SURFACE()
B_SPLINE_SURFACE(3,1,((#994,#995),(#996,#997),(#998,#999),(#1000,#1001)),
 .UNSPECIFIED.,.F.,.F.,.F.)
B_SPLINE_SURFACE_WITH_KNOTS((4,4),(2,2),(-1.,0.),(0.,0.1),.UNSPECIFIED.)
GEOMETRIC_REPRESENTATION_ITEM()
RATIONAL_B_SPLINE_SURFACE(((1.,1.),(1.,1.),(1.,1.),(1.,1.)))
REPRESENTATION_ITEM('')
SURFACE()
);
#77=(
BOUNDED_SURFACE()
B_SPLINE_SURFACE(3,1,((#1013,#1014),(#1015,#1016),(#1017,#1018),(#1019,
#1020)),.UNSPECIFIED.,.F.,.F.,.F.)
B_SPLINE_SURFACE_WITH_KNOTS((4,4),(2,2),(-1.,0.),(0.,0.1),.UNSPECIFIED.)
GEOMETRIC_REPRESENTATION_ITEM()
RATIONAL_B_SPLINE_SURFACE(((1.,1.),(1.,1.),(1.,1.),(1.,1.)))
REPRESENTATION_ITEM('')
SURFACE()
);
#78=(
BOUNDED_SURFACE()
B_SPLINE_SURFACE(3,1,((#1050,#1051),(#1052,#1053),(#1054,#1055),(#1056,
#1057)),.UNSPECIFIED.,.F.,.F.,.F.)
B_SPLINE_SURFACE_WITH_KNOTS((4,4),(2,2),(-1.,0.),(0.,0.1),.UNSPECIFIED.)
GEOMETRIC_REPRESENTATION_ITEM()
RATIONAL_B_SPLINE_SURFACE(((1.,1.),(1.,1.),(1.,1.),(1.,1.)))
REPRESENTATION_ITEM('')
SURFACE()
);
#79=(
BOUNDED_SURFACE()
B_SPLINE_SURFACE(3,1,((#1075,#1076),(#1077,#1078),(#1079,#1080),(#1081,
#1082)),.UNSPECIFIED.,.F.,.F.,.F.)
B_SPLINE_SURFACE_WITH_KNOTS((4,4),(2,2),(-1.,0.),(0.,0.1),.UNSPECIFIED.)
GEOMETRIC_REPRESENTATION_ITEM()
RATIONAL_B_SPLINE_SURFACE(((1.,1.),(1.,1.),(1.,1.),(1.,1.)))
REPRESENTATION_ITEM('')
SURFACE()
);
#80=(
BOUNDED_SURFACE()
B_SPLINE_SURFACE(3,1,((#1100,#1101),(#1102,#1103),(#1104,#1105),(#1106,
#1107)),.UNSPECIFIED.,.F.,.F.,.F.)
B_SPLINE_SURFACE_WITH_KNOTS((4,4),(2,2),(-1.,0.),(0.,0.1),.UNSPECIFIED.)
GEOMETRIC_REPRESENTATION_ITEM()
RATIONAL_B_SPLINE_SURFACE(((1.,1.),(1.,1.),(1.,1.),(1.,1.)))
REPRESENTATION_ITEM('')
SURFACE()
);
#81=(
BOUNDED_SURFACE()
B_SPLINE_SURFACE(3,1,((#1125,#1126),(#1127,#1128),(#1129,#1130),(#1131,
#1132)),.UNSPECIFIED.,.F.,.F.,.F.)
B_SPLINE_SURFACE_WITH_KNOTS((4,4),(2,2),(-1.,0.),(0.,0.1),.UNSPECIFIED.)
GEOMETRIC_REPRESENTATION_ITEM()
RATIONAL_B_SPLINE_SURFACE(((1.,1.),(1.,1.),(1.,1.),(1.,1.)))
REPRESENTATION_ITEM('')
SURFACE()
);
#82=(
BOUNDED_SURFACE()
B_SPLINE_SURFACE(3,1,((#1144,#1145),(#1146,#1147),(#1148,#1149),(#1150,
#1151)),.UNSPECIFIED.,.F.,.F.,.F.)
B_SPLINE_SURFACE_WITH_KNOTS((4,4),(2,2),(-1.,0.),(0.,0.1),.UNSPECIFIED.)
GEOMETRIC_REPRESENTATION_ITEM()
RATIONAL_B_SPLINE_SURFACE(((1.,1.),(1.,1.),(1.,1.),(1.,1.)))
REPRESENTATION_ITEM('')
SURFACE()
);
#83=(
BOUNDED_SURFACE()
B_SPLINE_SURFACE(3,1,((#1169,#1170),(#1171,#1172),(#1173,#1174),(#1175,
#1176)),.UNSPECIFIED.,.F.,.F.,.F.)
B_SPLINE_SURFACE_WITH_KNOTS((4,4),(2,2),(-1.,0.),(0.,0.1),.UNSPECIFIED.)
GEOMETRIC_REPRESENTATION_ITEM()
RATIONAL_B_SPLINE_SURFACE(((1.,1.),(1.,1.),(1.,1.),(1.,1.)))
REPRESENTATION_ITEM('')
SURFACE()
);
#84=(
BOUNDED_SURFACE()
B_SPLINE_SURFACE(3,1,((#1194,#1195),(#1196,#1197),(#1198,#1199),(#1200,
#1201)),.UNSPECIFIED.,.F.,.F.,.F.)
B_SPLINE_SURFACE_WITH_KNOTS((4,4),(2,2),(-1.,0.),(0.,0.1),.UNSPECIFIED.)
GEOMETRIC_REPRESENTATION_ITEM()
RATIONAL_B_SPLINE_SURFACE(((1.,1.),(1.,1.),(1.,1.),(1.,1.)))
REPRESENTATION_ITEM('')
SURFACE()
);
#85=(
BOUNDED_SURFACE()
B_SPLINE_SURFACE(3,1,((#1219,#1220),(#1221,#1222),(#1223,#1224),(#1225,
#1226)),.UNSPECIFIED.,.F.,.F.,.F.)
B_SPLINE_SURFACE_WITH_KNOTS((4,4),(2,2),(-1.,0.),(0.,0.1),.UNSPECIFIED.)
GEOMETRIC_REPRESENTATION_ITEM()
RATIONAL_B_SPLINE_SURFACE(((1.,1.),(1.,1.),(1.,1.),(1.,1.)))
REPRESENTATION_ITEM('')
SURFACE()
);
#86=(
BOUNDED_SURFACE()
B_SPLINE_SURFACE(3,1,((#1238,#1239),(#1240,#1241),(#1242,#1243),(#1244,
#1245)),.UNSPECIFIED.,.F.,.F.,.F.)
B_SPLINE_SURFACE_WITH_KNOTS((4,4),(2,2),(-1.,0.),(0.,0.1),.UNSPECIFIED.)
GEOMETRIC_REPRESENTATION_ITEM()
RATIONAL_B_SPLINE_SURFACE(((1.,1.),(1.,1.),(1.,1.),(1.,1.)))
REPRESENTATION_ITEM('')
SURFACE()
);
#87=(
BOUNDED_SURFACE()
B_SPLINE_SURFACE(3,1,((#1263,#1264),(#1265,#1266),(#1267,#1268),(#1269,
#1270)),.UNSPECIFIED.,.F.,.F.,.F.)
B_SPLINE_SURFACE_WITH_KNOTS((4,4),(2,2),(-1.,0.),(0.,0.1),.UNSPECIFIED.)
GEOMETRIC_REPRESENTATION_ITEM()
RATIONAL_B_SPLINE_SURFACE(((1.,1.),(1.,1.),(1.,1.),(1.,1.)))
REPRESENTATION_ITEM('')
SURFACE()
);
#88=(
BOUNDED_SURFACE()
B_SPLINE_SURFACE(3,1,((#1288,#1289),(#1290,#1291),(#1292,#1293),(#1294,
#1295)),.UNSPECIFIED.,.F.,.F.,.F.)
B_SPLINE_SURFACE_WITH_KNOTS((4,4),(2,2),(-1.,0.),(0.,0.1),.UNSPECIFIED.)
GEOMETRIC_REPRESENTATION_ITEM()
RATIONAL_B_SPLINE_SURFACE(((1.,1.),(1.,1.),(1.,1.),(1.,1.)))
REPRESENTATION_ITEM('')
SURFACE()
);
#89=(
BOUNDED_SURFACE()
B_SPLINE_SURFACE(3,1,((#1307,#1308),(#1309,#1310),(#1311,#1312),(#1313,
#1314)),.UNSPECIFIED.,.F.,.F.,.F.)
B_SPLINE_SURFACE_WITH_KNOTS((4,4),(2,2),(-1.,0.),(0.,0.1),.UNSPECIFIED.)
GEOMETRIC_REPRESENTATION_ITEM()
RATIONAL_B_SPLINE_SURFACE(((1.,1.),(1.,1.),(1.,1.),(1.,1.)))
REPRESENTATION_ITEM('')
SURFACE()
);
#90=(
BOUNDED_SURFACE()
B_SPLINE_SURFACE(3,1,((#1332,#1333),(#1334,#1335),(#1336,#1337),(#1338,
#1339)),.UNSPECIFIED.,.F.,.F.,.F.)
B_SPLINE_SURFACE_WITH_KNOTS((4,4),(2,2),(-1.,0.),(0.,0.1),.UNSPECIFIED.)
GEOMETRIC_REPRESENTATION_ITEM()
RATIONAL_B_SPLINE_SURFACE(((1.,1.),(1.,1.),(1.,1.),(1.,1.)))
REPRESENTATION_ITEM('')
SURFACE()
);
#91=(
BOUNDED_SURFACE()
B_SPLINE_SURFACE(3,1,((#1351,#1352),(#1353,#1354),(#1355,#1356),(#1357,
#1358)),.UNSPECIFIED.,.F.,.F.,.F.)
B_SPLINE_SURFACE_WITH_KNOTS((4,4),(2,2),(-1.,0.),(0.,0.1),.UNSPECIFIED.)
GEOMETRIC_REPRESENTATION_ITEM()
RATIONAL_B_SPLINE_SURFACE(((1.,1.),(1.,1.),(1.,1.),(1.,1.)))
REPRESENTATION_ITEM('')
SURFACE()
);
#92=(
BOUNDED_SURFACE()
B_SPLINE_SURFACE(3,1,((#1376,#1377),(#1378,#1379),(#1380,#1381),(#1382,
#1383)),.UNSPECIFIED.,.F.,.F.,.F.)
B_SPLINE_SURFACE_WITH_KNOTS((4,4),(2,2),(-1.,0.),(0.,0.1),.UNSPECIFIED.)
GEOMETRIC_REPRESENTATION_ITEM()
RATIONAL_B_SPLINE_SURFACE(((1.,1.),(1.,1.),(1.,1.),(1.,1.)))
REPRESENTATION_ITEM('')
SURFACE()
);
#93=(
BOUNDED_SURFACE()
B_SPLINE_SURFACE(3,1,((#1395,#1396),(#1397,#1398),(#1399,#1400),(#1401,
#1402)),.UNSPECIFIED.,.F.,.F.,.F.)
B_SPLINE_SURFACE_WITH_KNOTS((4,4),(2,2),(-1.,0.),(0.,0.1),.UNSPECIFIED.)
GEOMETRIC_REPRESENTATION_ITEM()
RATIONAL_B_SPLINE_SURFACE(((1.,1.),(1.,1.),(1.,1.),(1.,1.)))
REPRESENTATION_ITEM('')
SURFACE()
);
#94=(
BOUNDED_SURFACE()
B_SPLINE_SURFACE(3,1,((#1420,#1421),(#1422,#1423),(#1424,#1425),(#1426,
#1427)),.UNSPECIFIED.,.F.,.F.,.F.)
B_SPLINE_SURFACE_WITH_KNOTS((4,4),(2,2),(-1.,0.),(0.,0.1),.UNSPECIFIED.)
GEOMETRIC_REPRESENTATION_ITEM()
RATIONAL_B_SPLINE_SURFACE(((1.,1.),(1.,1.),(1.,1.),(1.,1.)))
REPRESENTATION_ITEM('')
SURFACE()
);
#95=(
BOUNDED_SURFACE()
B_SPLINE_SURFACE(3,1,((#1439,#1440),(#1441,#1442),(#1443,#1444),(#1445,
#1446)),.UNSPECIFIED.,.F.,.F.,.F.)
B_SPLINE_SURFACE_WITH_KNOTS((4,4),(2,2),(-1.,0.),(0.,0.1),.UNSPECIFIED.)
GEOMETRIC_REPRESENTATION_ITEM()
RATIONAL_B_SPLINE_SURFACE(((1.,1.),(1.,1.),(1.,1.),(1.,1.)))
REPRESENTATION_ITEM('')
SURFACE()
);
#96=(
BOUNDED_SURFACE()
B_SPLINE_SURFACE(3,1,((#1458,#1459),(#1460,#1461),(#1462,#1463),(#1464,
#1465)),.UNSPECIFIED.,.F.,.F.,.F.)
B_SPLINE_SURFACE_WITH_KNOTS((4,4),(2,2),(-1.,0.),(0.,0.1),.UNSPECIFIED.)
GEOMETRIC_REPRESENTATION_ITEM()
RATIONAL_B_SPLINE_SURFACE(((1.,1.),(1.,1.),(1.,1.),(1.,1.)))
REPRESENTATION_ITEM('')
SURFACE()
);
#97=(
BOUNDED_SURFACE()
B_SPLINE_SURFACE(3,1,((#1477,#1478),(#1479,#1480),(#1481,#1482),(#1483,
#1484)),.UNSPECIFIED.,.F.,.F.,.F.)
B_SPLINE_SURFACE_WITH_KNOTS((4,4),(2,2),(-1.,0.),(0.,0.1),.UNSPECIFIED.)
GEOMETRIC_REPRESENTATION_ITEM()
RATIONAL_B_SPLINE_SURFACE(((1.,1.),(1.,1.),(1.,1.),(1.,1.)))
REPRESENTATION_ITEM('')
SURFACE()
);
#98=(
BOUNDED_SURFACE()
B_SPLINE_SURFACE(3,1,((#1493,#1494),(#1495,#1496),(#1497,#1498),(#1499,
#1500)),.UNSPECIFIED.,.F.,.F.,.F.)
B_SPLINE_SURFACE_WITH_KNOTS((4,4),(2,2),(-1.,0.),(0.,0.1),.UNSPECIFIED.)
GEOMETRIC_REPRESENTATION_ITEM()
RATIONAL_B_SPLINE_SURFACE(((1.,1.),(1.,1.),(1.,1.),(1.,1.)))
REPRESENTATION_ITEM('')
SURFACE()
);
#99=(
BOUNDED_SURFACE()
B_SPLINE_SURFACE(3,1,((#1515,#1516),(#1517,#1518),(#1519,#1520),(#1521,
#1522)),.UNSPECIFIED.,.F.,.F.,.F.)
B_SPLINE_SURFACE_WITH_KNOTS((4,4),(2,2),(-1.,0.),(0.,0.1),.UNSPECIFIED.)
GEOMETRIC_REPRESENTATION_ITEM()
RATIONAL_B_SPLINE_SURFACE(((1.,1.),(1.,1.),(1.,1.),(1.,1.)))
REPRESENTATION_ITEM('')
SURFACE()
);
#100=(
BOUNDED_SURFACE()
B_SPLINE_SURFACE(3,1,((#1534,#1535),(#1536,#1537),(#1538,#1539),(#1540,
#1541)),.UNSPECIFIED.,.F.,.F.,.F.)
B_SPLINE_SURFACE_WITH_KNOTS((4,4),(2,2),(-1.,0.),(0.,0.1),.UNSPECIFIED.)
GEOMETRIC_REPRESENTATION_ITEM()
RATIONAL_B_SPLINE_SURFACE(((1.,1.),(1.,1.),(1.,1.),(1.,1.)))
REPRESENTATION_ITEM('')
SURFACE()
);
#101=(
BOUNDED_SURFACE()
B_SPLINE_SURFACE(3,1,((#1553,#1554),(#1555,#1556),(#1557,#1558),(#1559,
#1560)),.UNSPECIFIED.,.F.,.F.,.F.)
B_SPLINE_SURFACE_WITH_KNOTS((4,4),(2,2),(-1.,0.),(0.,0.1),.UNSPECIFIED.)
GEOMETRIC_REPRESENTATION_ITEM()
RATIONAL_B_SPLINE_SURFACE(((1.,1.),(1.,1.),(1.,1.),(1.,1.)))
REPRESENTATION_ITEM('')
SURFACE()
);
#102=FACE_OUTER_BOUND('',#145,.T.);
#103=FACE_OUTER_BOUND('',#146,.T.);
#104=FACE_OUTER_BOUND('',#147,.T.);
#105=FACE_OUTER_BOUND('',#148,.T.);
#106=FACE_OUTER_BOUND('',#149,.T.);
#107=FACE_OUTER_BOUND('',#150,.T.);
#108=FACE_OUTER_BOUND('',#151,.T.);
#109=FACE_OUTER_BOUND('',#152,.T.);
#110=FACE_OUTER_BOUND('',#153,.T.);
#111=FACE_OUTER_BOUND('',#154,.T.);
#112=FACE_OUTER_BOUND('',#155,.T.);
#113=FACE_OUTER_BOUND('',#156,.T.);
#114=FACE_OUTER_BOUND('',#157,.T.);
#115=FACE_OUTER_BOUND('',#158,.T.);
#116=FACE_OUTER_BOUND('',#159,.T.);
#117=FACE_OUTER_BOUND('',#160,.T.);
#118=FACE_OUTER_BOUND('',#161,.T.);
#119=FACE_OUTER_BOUND('',#162,.T.);
#120=FACE_OUTER_BOUND('',#163,.T.);
#121=FACE_OUTER_BOUND('',#164,.T.);
#122=FACE_OUTER_BOUND('',#165,.T.);
#123=FACE_OUTER_BOUND('',#166,.T.);
#124=FACE_OUTER_BOUND('',#167,.T.);
#125=FACE_OUTER_BOUND('',#168,.T.);
#126=FACE_OUTER_BOUND('',#169,.T.);
#127=FACE_OUTER_BOUND('',#170,.T.);
#128=FACE_OUTER_BOUND('',#171,.T.);
#129=FACE_OUTER_BOUND('',#172,.T.);
#130=FACE_OUTER_BOUND('',#173,.T.);
#131=FACE_OUTER_BOUND('',#174,.T.);
#132=FACE_OUTER_BOUND('',#175,.T.);
#133=FACE_OUTER_BOUND('',#176,.T.);
#134=FACE_OUTER_BOUND('',#177,.T.);
#135=FACE_OUTER_BOUND('',#178,.T.);
#136=FACE_OUTER_BOUND('',#179,.T.);
#137=FACE_OUTER_BOUND('',#180,.T.);
#138=FACE_OUTER_BOUND('',#181,.T.);
#139=FACE_OUTER_BOUND('',#182,.T.);
#140=FACE_OUTER_BOUND('',#183,.T.);
#141=FACE_OUTER_BOUND('',#184,.T.);
#142=FACE_OUTER_BOUND('',#185,.T.);
#143=FACE_OUTER_BOUND('',#186,.T.);
#144=FACE_OUTER_BOUND('',#190,.T.);
#145=EDGE_LOOP('',(#537,#538,#539,#540));
#146=EDGE_LOOP('',(#541,#542,#543,#544));
#147=EDGE_LOOP('',(#545,#546,#547,#548));
#148=EDGE_LOOP('',(#549,#550,#551,#552));
#149=EDGE_LOOP('',(#553,#554,#555,#556));
#150=EDGE_LOOP('',(#557,#558,#559,#560));
#151=EDGE_LOOP('',(#561,#562,#563,#564));
#152=EDGE_LOOP('',(#565,#566,#567,#568));
#153=EDGE_LOOP('',(#569,#570,#571,#572));
#154=EDGE_LOOP('',(#573,#574,#575,#576));
#155=EDGE_LOOP('',(#577,#578,#579,#580));
#156=EDGE_LOOP('',(#581,#582,#583,#584));
#157=EDGE_LOOP('',(#585,#586,#587,#588));
#158=EDGE_LOOP('',(#589,#590,#591,#592));
#159=EDGE_LOOP('',(#593,#594,#595,#596));
#160=EDGE_LOOP('',(#597,#598,#599,#600));
#161=EDGE_LOOP('',(#601,#602,#603,#604));
#162=EDGE_LOOP('',(#605,#606,#607,#608));
#163=EDGE_LOOP('',(#609,#610,#611,#612));
#164=EDGE_LOOP('',(#613,#614,#615,#616));
#165=EDGE_LOOP('',(#617,#618,#619,#620));
#166=EDGE_LOOP('',(#621,#622,#623,#624));
#167=EDGE_LOOP('',(#625,#626,#627,#628));
#168=EDGE_LOOP('',(#629,#630,#631,#632));
#169=EDGE_LOOP('',(#633,#634,#635,#636));
#170=EDGE_LOOP('',(#637,#638,#639,#640));
#171=EDGE_LOOP('',(#641,#642,#643,#644));
#172=EDGE_LOOP('',(#645,#646,#647,#648));
#173=EDGE_LOOP('',(#649,#650,#651,#652));
#174=EDGE_LOOP('',(#653,#654,#655,#656));
#175=EDGE_LOOP('',(#657,#658,#659,#660));
#176=EDGE_LOOP('',(#661,#662,#663,#664));
#177=EDGE_LOOP('',(#665,#666,#667,#668));
#178=EDGE_LOOP('',(#669,#670,#671,#672));
#179=EDGE_LOOP('',(#673,#674,#675,#676));
#180=EDGE_LOOP('',(#677,#678,#679,#680));
#181=EDGE_LOOP('',(#681,#682,#683,#684));
#182=EDGE_LOOP('',(#685,#686,#687,#688));
#183=EDGE_LOOP('',(#689,#690,#691,#692));
#184=EDGE_LOOP('',(#693,#694,#695,#696));
#185=EDGE_LOOP('',(#697,#698,#699,#700));
#186=EDGE_LOOP('',(#701,#702,#703,#704));
#187=EDGE_LOOP('',(#705,#706,#707,#708,#709,#710,#711,#712,#713,#714,#715,
#716,#717,#718));
#188=EDGE_LOOP('',(#719,#720,#721,#722,#723,#724,#725,#726,#727,#728,#729,
#730,#731,#732,#733,#734,#735,#736));
#189=EDGE_LOOP('',(#737,#738,#739,#740,#741));
#190=EDGE_LOOP('',(#742,#743,#744,#745));
#191=EDGE_LOOP('',(#746,#747,#748,#749,#750,#751,#752,#753,#754,#755,#756,
#757,#758,#759));
#192=EDGE_LOOP('',(#760,#761,#762,#763,#764,#765,#766,#767,#768,#769,#770,
#771,#772,#773,#774,#775,#776,#777));
#193=EDGE_LOOP('',(#778,#779,#780,#781,#782));
#194=LINE('',#988,#263);
#195=LINE('',#990,#264);
#196=LINE('',#992,#265);
#197=LINE('',#993,#266);
#198=LINE('',#1012,#267);
#199=LINE('',#1031,#268);
#200=LINE('',#1034,#269);
#201=LINE('',#1036,#270);
#202=LINE('',#1037,#271);
#203=LINE('',#1044,#272);
#204=LINE('',#1046,#273);
#205=LINE('',#1048,#274);
#206=LINE('',#1049,#275);
#207=LINE('',#1068,#276);
#208=LINE('',#1071,#277);
#209=LINE('',#1073,#278);
#210=LINE('',#1074,#279);
#211=LINE('',#1093,#280);
#212=LINE('',#1096,#281);
#213=LINE('',#1098,#282);
#214=LINE('',#1099,#283);
#215=LINE('',#1118,#284);
#216=LINE('',#1121,#285);
#217=LINE('',#1123,#286);
#218=LINE('',#1124,#287);
#219=LINE('',#1143,#288);
#220=LINE('',#1162,#289);
#221=LINE('',#1165,#290);
#222=LINE('',#1167,#291);
#223=LINE('',#1168,#292);
#224=LINE('',#1187,#293);
#225=LINE('',#1190,#294);
#226=LINE('',#1192,#295);
#227=LINE('',#1193,#296);
#228=LINE('',#1212,#297);
#229=LINE('',#1215,#298);
#230=LINE('',#1217,#299);
#231=LINE('',#1218,#300);
#232=LINE('',#1237,#301);
#233=LINE('',#1256,#302);
#234=LINE('',#1259,#303);
#235=LINE('',#1261,#304);
#236=LINE('',#1262,#305);
#237=LINE('',#1282,#306);
#238=LINE('',#1284,#307);
#239=LINE('',#1286,#308);
#240=LINE('',#1287,#309);
#241=LINE('',#1306,#310);
#242=LINE('',#1325,#311);
#243=LINE('',#1328,#312);
#244=LINE('',#1330,#313);
#245=LINE('',#1331,#314);
#246=LINE('',#1350,#315);
#247=LINE('',#1369,#316);
#248=LINE('',#1372,#317);
#249=LINE('',#1374,#318);
#250=LINE('',#1375,#319);
#251=LINE('',#1394,#320);
#252=LINE('',#1413,#321);
#253=LINE('',#1416,#322);
#254=LINE('',#1418,#323);
#255=LINE('',#1419,#324);
#256=LINE('',#1438,#325);
#257=LINE('',#1457,#326);
#258=LINE('',#1476,#327);
#259=LINE('',#1508,#328);
#260=LINE('',#1514,#329);
#261=LINE('',#1533,#330);
#262=LINE('',#1552,#331);
#263=VECTOR('',#879,10.);
#264=VECTOR('',#880,10.);
#265=VECTOR('',#881,10.);
#266=VECTOR('',#882,10.);
#267=VECTOR('',#883,10.);
#268=VECTOR('',#884,10.);
#269=VECTOR('',#887,10.);
#270=VECTOR('',#888,10.);
#271=VECTOR('',#889,10.);
#272=VECTOR('',#898,10.);
#273=VECTOR('',#899,10.);
#274=VECTOR('',#900,10.);
#275=VECTOR('',#901,10.);
#276=VECTOR('',#902,10.);
#277=VECTOR('',#905,10.);
#278=VECTOR('',#906,10.);
#279=VECTOR('',#907,10.);
#280=VECTOR('',#908,10.);
#281=VECTOR('',#911,10.);
#282=VECTOR('',#912,10.);
#283=VECTOR('',#913,10.);
#284=VECTOR('',#914,10.);
#285=VECTOR('',#917,10.);
#286=VECTOR('',#918,10.);
#287=VECTOR('',#919,10.);
#288=VECTOR('',#920,10.);
#289=VECTOR('',#921,10.);
#290=VECTOR('',#924,10.);
#291=VECTOR('',#925,10.);
#292=VECTOR('',#926,10.);
#293=VECTOR('',#927,10.);
#294=VECTOR('',#930,10.);
#295=VECTOR('',#931,10.);
#296=VECTOR('',#932,10.);
#297=VECTOR('',#933,10.);
#298=VECTOR('',#936,10.);
#299=VECTOR('',#937,10.);
#300=VECTOR('',#938,10.);
#301=VECTOR('',#939,10.);
#302=VECTOR('',#940,10.);
#303=VECTOR('',#943,10.);
#304=VECTOR('',#944,10.);
#305=VECTOR('',#945,10.);
#306=VECTOR('',#948,10.);
#307=VECTOR('',#949,10.);
#308=VECTOR('',#950,10.);
#309=VECTOR('',#951,10.);
#310=VECTOR('',#952,10.);
#311=VECTOR('',#953,10.);
#312=VECTOR('',#956,10.);
#313=VECTOR('',#957,10.);
#314=VECTOR('',#958,10.);
#315=VECTOR('',#959,10.);
#316=VECTOR('',#960,10.);
#317=VECTOR('',#963,10.);
#318=VECTOR('',#964,10.);
#319=VECTOR('',#965,10.);
#320=VECTOR('',#966,10.);
#321=VECTOR('',#967,10.);
#322=VECTOR('',#970,10.);
#323=VECTOR('',#971,10.);
#324=VECTOR('',#972,10.);
#325=VECTOR('',#973,10.);
#326=VECTOR('',#974,10.);
#327=VECTOR('',#975,10.);
#328=VECTOR('',#976,10.);
#329=VECTOR('',#977,10.);
#330=VECTOR('',#978,10.);
#331=VECTOR('',#979,10.);
#332=VERTEX_POINT('',#986);
#333=VERTEX_POINT('',#987);
#334=VERTEX_POINT('',#989);
#335=VERTEX_POINT('',#991);
#336=VERTEX_POINT('',#1002);
#337=VERTEX_POINT('',#1007);
#338=VERTEX_POINT('',#1021);
#339=VERTEX_POINT('',#1026);
#340=VERTEX_POINT('',#1033);
#341=VERTEX_POINT('',#1035);
#342=VERTEX_POINT('',#1042);
#343=VERTEX_POINT('',#1043);
#344=VERTEX_POINT('',#1045);
#345=VERTEX_POINT('',#1047);
#346=VERTEX_POINT('',#1058);
#347=VERTEX_POINT('',#1063);
#348=VERTEX_POINT('',#1070);
#349=VERTEX_POINT('',#1072);
#350=VERTEX_POINT('',#1083);
#351=VERTEX_POINT('',#1088);
#352=VERTEX_POINT('',#1095);
#353=VERTEX_POINT('',#1097);
#354=VERTEX_POINT('',#1108);
#355=VERTEX_POINT('',#1113);
#356=VERTEX_POINT('',#1120);
#357=VERTEX_POINT('',#1122);
#358=VERTEX_POINT('',#1133);
#359=VERTEX_POINT('',#1138);
#360=VERTEX_POINT('',#1152);
#361=VERTEX_POINT('',#1157);
#362=VERTEX_POINT('',#1164);
#363=VERTEX_POINT('',#1166);
#364=VERTEX_POINT('',#1177);
#365=VERTEX_POINT('',#1182);
#366=VERTEX_POINT('',#1189);
#367=VERTEX_POINT('',#1191);
#368=VERTEX_POINT('',#1202);
#369=VERTEX_POINT('',#1207);
#370=VERTEX_POINT('',#1214);
#371=VERTEX_POINT('',#1216);
#372=VERTEX_POINT('',#1227);
#373=VERTEX_POINT('',#1232);
#374=VERTEX_POINT('',#1246);
#375=VERTEX_POINT('',#1251);
#376=VERTEX_POINT('',#1258);
#377=VERTEX_POINT('',#1260);
#378=VERTEX_POINT('',#1280);
#379=VERTEX_POINT('',#1281);
#380=VERTEX_POINT('',#1283);
#381=VERTEX_POINT('',#1285);
#382=VERTEX_POINT('',#1296);
#383=VERTEX_POINT('',#1301);
#384=VERTEX_POINT('',#1315);
#385=VERTEX_POINT('',#1320);
#386=VERTEX_POINT('',#1327);
#387=VERTEX_POINT('',#1329);
#388=VERTEX_POINT('',#1340);
#389=VERTEX_POINT('',#1345);
#390=VERTEX_POINT('',#1359);
#391=VERTEX_POINT('',#1364);
#392=VERTEX_POINT('',#1371);
#393=VERTEX_POINT('',#1373);
#394=VERTEX_POINT('',#1384);
#395=VERTEX_POINT('',#1389);
#396=VERTEX_POINT('',#1403);
#397=VERTEX_POINT('',#1408);
#398=VERTEX_POINT('',#1415);
#399=VERTEX_POINT('',#1417);
#400=VERTEX_POINT('',#1428);
#401=VERTEX_POINT('',#1433);
#402=VERTEX_POINT('',#1447);
#403=VERTEX_POINT('',#1452);
#404=VERTEX_POINT('',#1466);
#405=VERTEX_POINT('',#1471);
#406=VERTEX_POINT('',#1501);
#407=VERTEX_POINT('',#1502);
#408=VERTEX_POINT('',#1507);
#409=VERTEX_POINT('',#1509);
#410=VERTEX_POINT('',#1523);
#411=VERTEX_POINT('',#1528);
#412=VERTEX_POINT('',#1542);
#413=VERTEX_POINT('',#1547);
#414=EDGE_CURVE('',#332,#333,#194,.T.);
#415=EDGE_CURVE('',#333,#334,#195,.T.);
#416=EDGE_CURVE('',#335,#334,#196,.T.);
#417=EDGE_CURVE('',#332,#335,#197,.T.);
#418=EDGE_CURVE('',#336,#332,#24,.T.);
#419=EDGE_CURVE('',#337,#335,#25,.T.);
#420=EDGE_CURVE('',#336,#337,#198,.T.);
#421=EDGE_CURVE('',#338,#336,#26,.T.);
#422=EDGE_CURVE('',#339,#337,#27,.T.);
#423=EDGE_CURVE('',#338,#339,#199,.T.);
#424=EDGE_CURVE('',#340,#338,#200,.T.);
#425=EDGE_CURVE('',#341,#339,#201,.T.);
#426=EDGE_CURVE('',#340,#341,#202,.T.);
#427=EDGE_CURVE('',#333,#340,#21,.T.);
#428=EDGE_CURVE('',#334,#341,#22,.T.);
#429=EDGE_CURVE('',#342,#343,#203,.T.);
#430=EDGE_CURVE('',#343,#344,#204,.T.);
#431=EDGE_CURVE('',#345,#344,#205,.T.);
#432=EDGE_CURVE('',#342,#345,#206,.T.);
#433=EDGE_CURVE('',#346,#342,#28,.T.);
#434=EDGE_CURVE('',#347,#345,#29,.T.);
#435=EDGE_CURVE('',#346,#347,#207,.T.);
#436=EDGE_CURVE('',#348,#346,#208,.T.);
#437=EDGE_CURVE('',#349,#347,#209,.T.);
#438=EDGE_CURVE('',#348,#349,#210,.T.);
#439=EDGE_CURVE('',#350,#348,#30,.T.);
#440=EDGE_CURVE('',#351,#349,#31,.T.);
#441=EDGE_CURVE('',#350,#351,#211,.T.);
#442=EDGE_CURVE('',#352,#350,#212,.T.);
#443=EDGE_CURVE('',#353,#351,#213,.T.);
#444=EDGE_CURVE('',#352,#353,#214,.T.);
#445=EDGE_CURVE('',#354,#352,#32,.T.);
#446=EDGE_CURVE('',#355,#353,#33,.T.);
#447=EDGE_CURVE('',#354,#355,#215,.T.);
#448=EDGE_CURVE('',#356,#354,#216,.T.);
#449=EDGE_CURVE('',#357,#355,#217,.T.);
#450=EDGE_CURVE('',#356,#357,#218,.T.);
#451=EDGE_CURVE('',#358,#356,#34,.T.);
#452=EDGE_CURVE('',#359,#357,#35,.T.);
#453=EDGE_CURVE('',#358,#359,#219,.T.);
#454=EDGE_CURVE('',#360,#358,#36,.T.);
#455=EDGE_CURVE('',#361,#359,#37,.T.);
#456=EDGE_CURVE('',#360,#361,#220,.T.);
#457=EDGE_CURVE('',#362,#360,#221,.T.);
#458=EDGE_CURVE('',#363,#361,#222,.T.);
#459=EDGE_CURVE('',#362,#363,#223,.T.);
#460=EDGE_CURVE('',#364,#362,#38,.T.);
#461=EDGE_CURVE('',#365,#363,#39,.T.);
#462=EDGE_CURVE('',#364,#365,#224,.T.);
#463=EDGE_CURVE('',#366,#364,#225,.T.);
#464=EDGE_CURVE('',#367,#365,#226,.T.);
#465=EDGE_CURVE('',#366,#367,#227,.T.);
#466=EDGE_CURVE('',#368,#366,#40,.T.);
#467=EDGE_CURVE('',#369,#367,#41,.T.);
#468=EDGE_CURVE('',#368,#369,#228,.T.);
#469=EDGE_CURVE('',#370,#368,#229,.T.);
#470=EDGE_CURVE('',#371,#369,#230,.T.);
#471=EDGE_CURVE('',#370,#371,#231,.T.);
#472=EDGE_CURVE('',#372,#370,#42,.T.);
#473=EDGE_CURVE('',#373,#371,#43,.T.);
#474=EDGE_CURVE('',#372,#373,#232,.T.);
#475=EDGE_CURVE('',#374,#372,#44,.T.);
#476=EDGE_CURVE('',#375,#373,#45,.T.);
#477=EDGE_CURVE('',#374,#375,#233,.T.);
#478=EDGE_CURVE('',#376,#374,#234,.T.);
#479=EDGE_CURVE('',#377,#375,#235,.T.);
#480=EDGE_CURVE('',#376,#377,#236,.T.);
#481=EDGE_CURVE('',#343,#376,#46,.T.);
#482=EDGE_CURVE('',#344,#377,#47,.T.);
#483=EDGE_CURVE('',#378,#379,#237,.T.);
#484=EDGE_CURVE('',#379,#380,#238,.T.);
#485=EDGE_CURVE('',#381,#380,#239,.T.);
#486=EDGE_CURVE('',#378,#381,#240,.T.);
#487=EDGE_CURVE('',#382,#378,#48,.T.);
#488=EDGE_CURVE('',#383,#381,#49,.T.);
#489=EDGE_CURVE('',#382,#383,#241,.T.);
#490=EDGE_CURVE('',#384,#382,#50,.T.);
#491=EDGE_CURVE('',#385,#383,#51,.T.);
#492=EDGE_CURVE('',#384,#385,#242,.T.);
#493=EDGE_CURVE('',#386,#384,#243,.T.);
#494=EDGE_CURVE('',#387,#385,#244,.T.);
#495=EDGE_CURVE('',#386,#387,#245,.T.);
#496=EDGE_CURVE('',#388,#386,#52,.T.);
#497=EDGE_CURVE('',#389,#387,#53,.T.);
#498=EDGE_CURVE('',#388,#389,#246,.T.);
#499=EDGE_CURVE('',#390,#388,#54,.T.);
#500=EDGE_CURVE('',#391,#389,#55,.T.);
#501=EDGE_CURVE('',#390,#391,#247,.T.);
#502=EDGE_CURVE('',#392,#390,#248,.T.);
#503=EDGE_CURVE('',#393,#391,#249,.T.);
#504=EDGE_CURVE('',#392,#393,#250,.T.);
#505=EDGE_CURVE('',#394,#392,#56,.T.);
#506=EDGE_CURVE('',#395,#393,#57,.T.);
#507=EDGE_CURVE('',#394,#395,#251,.T.);
#508=EDGE_CURVE('',#396,#394,#58,.T.);
#509=EDGE_CURVE('',#397,#395,#59,.T.);
#510=EDGE_CURVE('',#396,#397,#252,.T.);
#511=EDGE_CURVE('',#398,#396,#253,.T.);
#512=EDGE_CURVE('',#399,#397,#254,.T.);
#513=EDGE_CURVE('',#398,#399,#255,.T.);
#514=EDGE_CURVE('',#400,#398,#60,.T.);
#515=EDGE_CURVE('',#401,#399,#61,.T.);
#516=EDGE_CURVE('',#400,#401,#256,.T.);
#517=EDGE_CURVE('',#402,#400,#62,.T.);
#518=EDGE_CURVE('',#403,#401,#63,.T.);
#519=EDGE_CURVE('',#402,#403,#257,.T.);
#520=EDGE_CURVE('',#404,#402,#64,.T.);
#521=EDGE_CURVE('',#405,#403,#65,.T.);
#522=EDGE_CURVE('',#404,#405,#258,.T.);
#523=EDGE_CURVE('',#379,#404,#66,.T.);
#524=EDGE_CURVE('',#380,#405,#67,.T.);
#525=EDGE_CURVE('',#406,#407,#68,.T.);
#526=EDGE_CURVE('',#406,#408,#259,.T.);
#527=EDGE_CURVE('',#409,#408,#69,.T.);
#528=EDGE_CURVE('',#407,#409,#260,.T.);
#529=EDGE_CURVE('',#407,#410,#70,.T.);
#530=EDGE_CURVE('',#411,#409,#71,.T.);
#531=EDGE_CURVE('',#410,#411,#261,.T.);
#532=EDGE_CURVE('',#410,#412,#72,.T.);
#533=EDGE_CURVE('',#413,#411,#73,.T.);
#534=EDGE_CURVE('',#412,#413,#262,.T.);
#535=EDGE_CURVE('',#412,#406,#74,.T.);
#536=EDGE_CURVE('',#408,#413,#75,.T.);
#537=ORIENTED_EDGE('',*,*,#414,.T.);
#538=ORIENTED_EDGE('',*,*,#415,.T.);
#539=ORIENTED_EDGE('',*,*,#416,.F.);
#540=ORIENTED_EDGE('',*,*,#417,.F.);
#541=ORIENTED_EDGE('',*,*,#418,.T.);
#542=ORIENTED_EDGE('',*,*,#417,.T.);
#543=ORIENTED_EDGE('',*,*,#419,.F.);
#544=ORIENTED_EDGE('',*,*,#420,.F.);
#545=ORIENTED_EDGE('',*,*,#421,.T.);
#546=ORIENTED_EDGE('',*,*,#420,.T.);
#547=ORIENTED_EDGE('',*,*,#422,.F.);
#548=ORIENTED_EDGE('',*,*,#423,.F.);
#549=ORIENTED_EDGE('',*,*,#424,.T.);
#550=ORIENTED_EDGE('',*,*,#423,.T.);
#551=ORIENTED_EDGE('',*,*,#425,.F.);
#552=ORIENTED_EDGE('',*,*,#426,.F.);
#553=ORIENTED_EDGE('',*,*,#427,.T.);
#554=ORIENTED_EDGE('',*,*,#426,.T.);
#555=ORIENTED_EDGE('',*,*,#428,.F.);
#556=ORIENTED_EDGE('',*,*,#415,.F.);
#557=ORIENTED_EDGE('',*,*,#429,.T.);
#558=ORIENTED_EDGE('',*,*,#430,.T.);
#559=ORIENTED_EDGE('',*,*,#431,.F.);
#560=ORIENTED_EDGE('',*,*,#432,.F.);
#561=ORIENTED_EDGE('',*,*,#433,.T.);
#562=ORIENTED_EDGE('',*,*,#432,.T.);
#563=ORIENTED_EDGE('',*,*,#434,.F.);
#564=ORIENTED_EDGE('',*,*,#435,.F.);
#565=ORIENTED_EDGE('',*,*,#436,.T.);
#566=ORIENTED_EDGE('',*,*,#435,.T.);
#567=ORIENTED_EDGE('',*,*,#437,.F.);
#568=ORIENTED_EDGE('',*,*,#438,.F.);
#569=ORIENTED_EDGE('',*,*,#439,.T.);
#570=ORIENTED_EDGE('',*,*,#438,.T.);
#571=ORIENTED_EDGE('',*,*,#440,.F.);
#572=ORIENTED_EDGE('',*,*,#441,.F.);
#573=ORIENTED_EDGE('',*,*,#442,.T.);
#574=ORIENTED_EDGE('',*,*,#441,.T.);
#575=ORIENTED_EDGE('',*,*,#443,.F.);
#576=ORIENTED_EDGE('',*,*,#444,.F.);
#577=ORIENTED_EDGE('',*,*,#445,.T.);
#578=ORIENTED_EDGE('',*,*,#444,.T.);
#579=ORIENTED_EDGE('',*,*,#446,.F.);
#580=ORIENTED_EDGE('',*,*,#447,.F.);
#581=ORIENTED_EDGE('',*,*,#448,.T.);
#582=ORIENTED_EDGE('',*,*,#447,.T.);
#583=ORIENTED_EDGE('',*,*,#449,.F.);
#584=ORIENTED_EDGE('',*,*,#450,.F.);
#585=ORIENTED_EDGE('',*,*,#451,.T.);
#586=ORIENTED_EDGE('',*,*,#450,.T.);
#587=ORIENTED_EDGE('',*,*,#452,.F.);
#588=ORIENTED_EDGE('',*,*,#453,.F.);
#589=ORIENTED_EDGE('',*,*,#454,.T.);
#590=ORIENTED_EDGE('',*,*,#453,.T.);
#591=ORIENTED_EDGE('',*,*,#455,.F.);
#592=ORIENTED_EDGE('',*,*,#456,.F.);
#593=ORIENTED_EDGE('',*,*,#457,.T.);
#594=ORIENTED_EDGE('',*,*,#456,.T.);
#595=ORIENTED_EDGE('',*,*,#458,.F.);
#596=ORIENTED_EDGE('',*,*,#459,.F.);
#597=ORIENTED_EDGE('',*,*,#460,.T.);
#598=ORIENTED_EDGE('',*,*,#459,.T.);
#599=ORIENTED_EDGE('',*,*,#461,.F.);
#600=ORIENTED_EDGE('',*,*,#462,.F.);
#601=ORIENTED_EDGE('',*,*,#463,.T.);
#602=ORIENTED_EDGE('',*,*,#462,.T.);
#603=ORIENTED_EDGE('',*,*,#464,.F.);
#604=ORIENTED_EDGE('',*,*,#465,.F.);
#605=ORIENTED_EDGE('',*,*,#466,.T.);
#606=ORIENTED_EDGE('',*,*,#465,.T.);
#607=ORIENTED_EDGE('',*,*,#467,.F.);
#608=ORIENTED_EDGE('',*,*,#468,.F.);
#609=ORIENTED_EDGE('',*,*,#469,.T.);
#610=ORIENTED_EDGE('',*,*,#468,.T.);
#611=ORIENTED_EDGE('',*,*,#470,.F.);
#612=ORIENTED_EDGE('',*,*,#471,.F.);
#613=ORIENTED_EDGE('',*,*,#472,.T.);
#614=ORIENTED_EDGE('',*,*,#471,.T.);
#615=ORIENTED_EDGE('',*,*,#473,.F.);
#616=ORIENTED_EDGE('',*,*,#474,.F.);
#617=ORIENTED_EDGE('',*,*,#475,.T.);
#618=ORIENTED_EDGE('',*,*,#474,.T.);
#619=ORIENTED_EDGE('',*,*,#476,.F.);
#620=ORIENTED_EDGE('',*,*,#477,.F.);
#621=ORIENTED_EDGE('',*,*,#478,.T.);
#622=ORIENTED_EDGE('',*,*,#477,.T.);
#623=ORIENTED_EDGE('',*,*,#479,.F.);
#624=ORIENTED_EDGE('',*,*,#480,.F.);
#625=ORIENTED_EDGE('',*,*,#481,.T.);
#626=ORIENTED_EDGE('',*,*,#480,.T.);
#627=ORIENTED_EDGE('',*,*,#482,.F.);
#628=ORIENTED_EDGE('',*,*,#430,.F.);
#629=ORIENTED_EDGE('',*,*,#483,.T.);
#630=ORIENTED_EDGE('',*,*,#484,.T.);
#631=ORIENTED_EDGE('',*,*,#485,.F.);
#632=ORIENTED_EDGE('',*,*,#486,.F.);
#633=ORIENTED_EDGE('',*,*,#487,.T.);
#634=ORIENTED_EDGE('',*,*,#486,.T.);
#635=ORIENTED_EDGE('',*,*,#488,.F.);
#636=ORIENTED_EDGE('',*,*,#489,.F.);
#637=ORIENTED_EDGE('',*,*,#490,.T.);
#638=ORIENTED_EDGE('',*,*,#489,.T.);
#639=ORIENTED_EDGE('',*,*,#491,.F.);
#640=ORIENTED_EDGE('',*,*,#492,.F.);
#641=ORIENTED_EDGE('',*,*,#493,.T.);
#642=ORIENTED_EDGE('',*,*,#492,.T.);
#643=ORIENTED_EDGE('',*,*,#494,.F.);
#644=ORIENTED_EDGE('',*,*,#495,.F.);
#645=ORIENTED_EDGE('',*,*,#496,.T.);
#646=ORIENTED_EDGE('',*,*,#495,.T.);
#647=ORIENTED_EDGE('',*,*,#497,.F.);
#648=ORIENTED_EDGE('',*,*,#498,.F.);
#649=ORIENTED_EDGE('',*,*,#499,.T.);
#650=ORIENTED_EDGE('',*,*,#498,.T.);
#651=ORIENTED_EDGE('',*,*,#500,.F.);
#652=ORIENTED_EDGE('',*,*,#501,.F.);
#653=ORIENTED_EDGE('',*,*,#502,.T.);
#654=ORIENTED_EDGE('',*,*,#501,.T.);
#655=ORIENTED_EDGE('',*,*,#503,.F.);
#656=ORIENTED_EDGE('',*,*,#504,.F.);
#657=ORIENTED_EDGE('',*,*,#505,.T.);
#658=ORIENTED_EDGE('',*,*,#504,.T.);
#659=ORIENTED_EDGE('',*,*,#506,.F.);
#660=ORIENTED_EDGE('',*,*,#507,.F.);
#661=ORIENTED_EDGE('',*,*,#508,.T.);
#662=ORIENTED_EDGE('',*,*,#507,.T.);
#663=ORIENTED_EDGE('',*,*,#509,.F.);
#664=ORIENTED_EDGE('',*,*,#510,.F.);
#665=ORIENTED_EDGE('',*,*,#511,.T.);
#666=ORIENTED_EDGE('',*,*,#510,.T.);
#667=ORIENTED_EDGE('',*,*,#512,.F.);
#668=ORIENTED_EDGE('',*,*,#513,.F.);
#669=ORIENTED_EDGE('',*,*,#514,.T.);
#670=ORIENTED_EDGE('',*,*,#513,.T.);
#671=ORIENTED_EDGE('',*,*,#515,.F.);
#672=ORIENTED_EDGE('',*,*,#516,.F.);
#673=ORIENTED_EDGE('',*,*,#517,.T.);
#674=ORIENTED_EDGE('',*,*,#516,.T.);
#675=ORIENTED_EDGE('',*,*,#518,.F.);
#676=ORIENTED_EDGE('',*,*,#519,.F.);
#677=ORIENTED_EDGE('',*,*,#520,.T.);
#678=ORIENTED_EDGE('',*,*,#519,.T.);
#679=ORIENTED_EDGE('',*,*,#521,.F.);
#680=ORIENTED_EDGE('',*,*,#522,.F.);
#681=ORIENTED_EDGE('',*,*,#523,.T.);
#682=ORIENTED_EDGE('',*,*,#522,.T.);
#683=ORIENTED_EDGE('',*,*,#524,.F.);
#684=ORIENTED_EDGE('',*,*,#484,.F.);
#685=ORIENTED_EDGE('',*,*,#525,.F.);
#686=ORIENTED_EDGE('',*,*,#526,.T.);
#687=ORIENTED_EDGE('',*,*,#527,.F.);
#688=ORIENTED_EDGE('',*,*,#528,.F.);
#689=ORIENTED_EDGE('',*,*,#529,.F.);
#690=ORIENTED_EDGE('',*,*,#528,.T.);
#691=ORIENTED_EDGE('',*,*,#530,.F.);
#692=ORIENTED_EDGE('',*,*,#531,.F.);
#693=ORIENTED_EDGE('',*,*,#532,.F.);
#694=ORIENTED_EDGE('',*,*,#531,.T.);
#695=ORIENTED_EDGE('',*,*,#533,.F.);
#696=ORIENTED_EDGE('',*,*,#534,.F.);
#697=ORIENTED_EDGE('',*,*,#535,.F.);
#698=ORIENTED_EDGE('',*,*,#534,.T.);
#699=ORIENTED_EDGE('',*,*,#536,.F.);
#700=ORIENTED_EDGE('',*,*,#526,.F.);
#701=ORIENTED_EDGE('',*,*,#536,.T.);
#702=ORIENTED_EDGE('',*,*,#533,.T.);
#703=ORIENTED_EDGE('',*,*,#530,.T.);
#704=ORIENTED_EDGE('',*,*,#527,.T.);
#705=ORIENTED_EDGE('',*,*,#524,.T.);
#706=ORIENTED_EDGE('',*,*,#521,.T.);
#707=ORIENTED_EDGE('',*,*,#518,.T.);
#708=ORIENTED_EDGE('',*,*,#515,.T.);
#709=ORIENTED_EDGE('',*,*,#512,.T.);
#710=ORIENTED_EDGE('',*,*,#509,.T.);
#711=ORIENTED_EDGE('',*,*,#506,.T.);
#712=ORIENTED_EDGE('',*,*,#503,.T.);
#713=ORIENTED_EDGE('',*,*,#500,.T.);
#714=ORIENTED_EDGE('',*,*,#497,.T.);
#715=ORIENTED_EDGE('',*,*,#494,.T.);
#716=ORIENTED_EDGE('',*,*,#491,.T.);
#717=ORIENTED_EDGE('',*,*,#488,.T.);
#718=ORIENTED_EDGE('',*,*,#485,.T.);
#719=ORIENTED_EDGE('',*,*,#482,.T.);
#720=ORIENTED_EDGE('',*,*,#479,.T.);
#721=ORIENTED_EDGE('',*,*,#476,.T.);
#722=ORIENTED_EDGE('',*,*,#473,.T.);
#723=ORIENTED_EDGE('',*,*,#470,.T.);
#724=ORIENTED_EDGE('',*,*,#467,.T.);
#725=ORIENTED_EDGE('',*,*,#464,.T.);
#726=ORIENTED_EDGE('',*,*,#461,.T.);
#727=ORIENTED_EDGE('',*,*,#458,.T.);
#728=ORIENTED_EDGE('',*,*,#455,.T.);
#729=ORIENTED_EDGE('',*,*,#452,.T.);
#730=ORIENTED_EDGE('',*,*,#449,.T.);
#731=ORIENTED_EDGE('',*,*,#446,.T.);
#732=ORIENTED_EDGE('',*,*,#443,.T.);
#733=ORIENTED_EDGE('',*,*,#440,.T.);
#734=ORIENTED_EDGE('',*,*,#437,.T.);
#735=ORIENTED_EDGE('',*,*,#434,.T.);
#736=ORIENTED_EDGE('',*,*,#431,.T.);
#737=ORIENTED_EDGE('',*,*,#428,.T.);
#738=ORIENTED_EDGE('',*,*,#425,.T.);
#739=ORIENTED_EDGE('',*,*,#422,.T.);
#740=ORIENTED_EDGE('',*,*,#419,.T.);
#741=ORIENTED_EDGE('',*,*,#416,.T.);
#742=ORIENTED_EDGE('',*,*,#535,.T.);
#743=ORIENTED_EDGE('',*,*,#525,.T.);
#744=ORIENTED_EDGE('',*,*,#529,.T.);
#745=ORIENTED_EDGE('',*,*,#532,.T.);
#746=ORIENTED_EDGE('',*,*,#523,.F.);
#747=ORIENTED_EDGE('',*,*,#483,.F.);
#748=ORIENTED_EDGE('',*,*,#487,.F.);
#749=ORIENTED_EDGE('',*,*,#490,.F.);
#750=ORIENTED_EDGE('',*,*,#493,.F.);
#751=ORIENTED_EDGE('',*,*,#496,.F.);
#752=ORIENTED_EDGE('',*,*,#499,.F.);
#753=ORIENTED_EDGE('',*,*,#502,.F.);
#754=ORIENTED_EDGE('',*,*,#505,.F.);
#755=ORIENTED_EDGE('',*,*,#508,.F.);
#756=ORIENTED_EDGE('',*,*,#511,.F.);
#757=ORIENTED_EDGE('',*,*,#514,.F.);
#758=ORIENTED_EDGE('',*,*,#517,.F.);
#759=ORIENTED_EDGE('',*,*,#520,.F.);
#760=ORIENTED_EDGE('',*,*,#481,.F.);
#761=ORIENTED_EDGE('',*,*,#429,.F.);
#762=ORIENTED_EDGE('',*,*,#433,.F.);
#763=ORIENTED_EDGE('',*,*,#436,.F.);
#764=ORIENTED_EDGE('',*,*,#439,.F.);
#765=ORIENTED_EDGE('',*,*,#442,.F.);
#766=ORIENTED_EDGE('',*,*,#445,.F.);
#767=ORIENTED_EDGE('',*,*,#448,.F.);
#768=ORIENTED_EDGE('',*,*,#451,.F.);
#769=ORIENTED_EDGE('',*,*,#454,.F.);
#770=ORIENTED_EDGE('',*,*,#457,.F.);
#771=ORIENTED_EDGE('',*,*,#460,.F.);
#772=ORIENTED_EDGE('',*,*,#463,.F.);
#773=ORIENTED_EDGE('',*,*,#466,.F.);
#774=ORIENTED_EDGE('',*,*,#469,.F.);
#775=ORIENTED_EDGE('',*,*,#472,.F.);
#776=ORIENTED_EDGE('',*,*,#475,.F.);
#777=ORIENTED_EDGE('',*,*,#478,.F.);
#778=ORIENTED_EDGE('',*,*,#427,.F.);
#779=ORIENTED_EDGE('',*,*,#414,.F.);
#780=ORIENTED_EDGE('',*,*,#418,.F.);
#781=ORIENTED_EDGE('',*,*,#421,.F.);
#782=ORIENTED_EDGE('',*,*,#424,.F.);
#783=PLANE('',#856);
#784=PLANE('',#857);
#785=PLANE('',#861);
#786=PLANE('',#862);
#787=PLANE('',#863);
#788=PLANE('',#864);
#789=PLANE('',#865);
#790=PLANE('',#866);
#791=PLANE('',#867);
#792=PLANE('',#868);
#793=PLANE('',#869);
#794=PLANE('',#870);
#795=PLANE('',#871);
#796=PLANE('',#872);
#797=PLANE('',#873);
#798=PLANE('',#874);
#799=ADVANCED_FACE('',(#102),#783,.T.);
#800=ADVANCED_FACE('',(#103),#76,.T.);
#801=ADVANCED_FACE('',(#104),#77,.T.);
#802=ADVANCED_FACE('',(#105),#784,.T.);
#803=ADVANCED_FACE('',(#106),#23,.F.);
#804=ADVANCED_FACE('',(#107),#785,.T.);
#805=ADVANCED_FACE('',(#108),#78,.T.);
#806=ADVANCED_FACE('',(#109),#786,.T.);
#807=ADVANCED_FACE('',(#110),#79,.T.);
#808=ADVANCED_FACE('',(#111),#787,.T.);
#809=ADVANCED_FACE('',(#112),#80,.T.);
#810=ADVANCED_FACE('',(#113),#788,.T.);
#811=ADVANCED_FACE('',(#114),#81,.T.);
#812=ADVANCED_FACE('',(#115),#82,.T.);
#813=ADVANCED_FACE('',(#116),#789,.T.);
#814=ADVANCED_FACE('',(#117),#83,.T.);
#815=ADVANCED_FACE('',(#118),#790,.T.);
#816=ADVANCED_FACE('',(#119),#84,.T.);
#817=ADVANCED_FACE('',(#120),#791,.T.);
#818=ADVANCED_FACE('',(#121),#85,.T.);
#819=ADVANCED_FACE('',(#122),#86,.T.);
#820=ADVANCED_FACE('',(#123),#792,.T.);
#821=ADVANCED_FACE('',(#124),#87,.T.);
#822=ADVANCED_FACE('',(#125),#793,.T.);
#823=ADVANCED_FACE('',(#126),#88,.T.);
#824=ADVANCED_FACE('',(#127),#89,.T.);
#825=ADVANCED_FACE('',(#128),#794,.T.);
#826=ADVANCED_FACE('',(#129),#90,.T.);
#827=ADVANCED_FACE('',(#130),#91,.T.);
#828=ADVANCED_FACE('',(#131),#795,.T.);
#829=ADVANCED_FACE('',(#132),#92,.T.);
#830=ADVANCED_FACE('',(#133),#93,.T.);
#831=ADVANCED_FACE('',(#134),#796,.T.);
#832=ADVANCED_FACE('',(#135),#94,.T.);
#833=ADVANCED_FACE('',(#136),#95,.T.);
#834=ADVANCED_FACE('',(#137),#96,.T.);
#835=ADVANCED_FACE('',(#138),#97,.T.);
#836=ADVANCED_FACE('',(#139),#98,.T.);
#837=ADVANCED_FACE('',(#140),#99,.T.);
#838=ADVANCED_FACE('',(#141),#100,.T.);
#839=ADVANCED_FACE('',(#142),#101,.T.);
#840=ADVANCED_FACE('',(#143,#15,#16,#17),#797,.T.);
#841=ADVANCED_FACE('',(#144,#18,#19,#20),#798,.F.);
#842=CLOSED_SHELL('',(#799,#800,#801,#802,#803,#804,#805,#806,#807,#808,
#809,#810,#811,#812,#813,#814,#815,#816,#817,#818,#819,#820,#821,#822,#823,
#824,#825,#826,#827,#828,#829,#830,#831,#832,#833,#834,#835,#836,#837,#838,
#839,#840,#841));
#843=DERIVED_UNIT_ELEMENT(#845,1.);
#844=DERIVED_UNIT_ELEMENT(#1576,-3.);
#845=(
MASS_UNIT()
NAMED_UNIT(*)
SI_UNIT(.KILO.,.GRAM.)
);
#846=DERIVED_UNIT((#843,#844));
#847=MEASURE_REPRESENTATION_ITEM('density measure',
POSITIVE_RATIO_MEASURE(7850.),#846);
#848=PROPERTY_DEFINITION_REPRESENTATION(#853,#850);
#849=PROPERTY_DEFINITION_REPRESENTATION(#854,#851);
#850=REPRESENTATION('material name',(#852),#1573);
#851=REPRESENTATION('density',(#847),#1573);
#852=DESCRIPTIVE_REPRESENTATION_ITEM('Steel','Steel');
#853=PROPERTY_DEFINITION('material property','material name',#1583);
#854=PROPERTY_DEFINITION('material property','density of part',#1583);
#855=AXIS2_PLACEMENT_3D('',#984,#875,#876);
#856=AXIS2_PLACEMENT_3D('',#985,#877,#878);
#857=AXIS2_PLACEMENT_3D('',#1032,#885,#886);
#858=AXIS2_PLACEMENT_3D('',#1038,#890,#891);
#859=AXIS2_PLACEMENT_3D('',#1039,#892,#893);
#860=AXIS2_PLACEMENT_3D('',#1040,#894,#895);
#861=AXIS2_PLACEMENT_3D('',#1041,#896,#897);
#862=AXIS2_PLACEMENT_3D('',#1069,#903,#904);
#863=AXIS2_PLACEMENT_3D('',#1094,#909,#910);
#864=AXIS2_PLACEMENT_3D('',#1119,#915,#916);
#865=AXIS2_PLACEMENT_3D('',#1163,#922,#923);
#866=AXIS2_PLACEMENT_3D('',#1188,#928,#929);
#867=AXIS2_PLACEMENT_3D('',#1213,#934,#935);
#868=AXIS2_PLACEMENT_3D('',#1257,#941,#942);
#869=AXIS2_PLACEMENT_3D('',#1279,#946,#947);
#870=AXIS2_PLACEMENT_3D('',#1326,#954,#955);
#871=AXIS2_PLACEMENT_3D('',#1370,#961,#962);
#872=AXIS2_PLACEMENT_3D('',#1414,#968,#969);
#873=AXIS2_PLACEMENT_3D('',#1569,#980,#981);
#874=AXIS2_PLACEMENT_3D('',#1570,#982,#983);
#875=DIRECTION('axis',(0.,0.,1.));
#876=DIRECTION('refdir',(1.,0.,0.));
#877=DIRECTION('center_axis',(-0.90751182632561,0.,0.420026529018294));
#878=DIRECTION('ref_axis',(0.420026529018294,0.,0.90751182632561));
#879=DIRECTION('',(0.420026529018294,0.,0.90751182632561));
#880=DIRECTION('',(0.,1.,0.));
#881=DIRECTION('',(0.420026529018294,0.,0.90751182632561));
#882=DIRECTION('',(0.,1.,0.));
#883=DIRECTION('',(0.,1.,0.));
#884=DIRECTION('',(0.,1.,0.));
#885=DIRECTION('center_axis',(0.90751182632561,0.,0.420026529018294));
#886=DIRECTION('ref_axis',(0.420026529018294,0.,-0.90751182632561));
#887=DIRECTION('',(0.420026529018294,0.,-0.90751182632561));
#888=DIRECTION('',(0.420026529018294,0.,-0.90751182632561));
#889=DIRECTION('',(0.,1.,0.));
#890=DIRECTION('center_axis',(0.,1.,0.));
#891=DIRECTION('ref_axis',(-0.334136867531294,0.,0.942524564006888));
#892=DIRECTION('center_axis',(0.,-1.,0.));
#893=DIRECTION('ref_axis',(-0.334136867531294,0.,0.942524564006888));
#894=DIRECTION('center_axis',(0.,-1.,0.));
#895=DIRECTION('ref_axis',(-0.334136867531294,0.,0.942524564006888));
#896=DIRECTION('center_axis',(-0.907054063311488,0.,-0.421014163930526));
#897=DIRECTION('ref_axis',(-0.421014163930526,0.,0.907054063311488));
#898=DIRECTION('',(-0.421014163930526,0.,0.907054063311488));
#899=DIRECTION('',(0.,1.,0.));
#900=DIRECTION('',(-0.421014163930526,0.,0.907054063311488));
#901=DIRECTION('',(0.,1.,0.));
#902=DIRECTION('',(0.,1.,0.));
#903=DIRECTION('center_axis',(0.,0.,-1.));
#904=DIRECTION('ref_axis',(-1.,0.,0.));
#905=DIRECTION('',(-1.,0.,0.));
#906=DIRECTION('',(-1.,0.,0.));
#907=DIRECTION('',(0.,1.,0.));
#908=DIRECTION('',(0.,1.,0.));
#909=DIRECTION('center_axis',(0.909151998577714,0.,-0.416464456445144));
#910=DIRECTION('ref_axis',(-0.416464456445144,0.,-0.909151998577714));
#911=DIRECTION('',(-0.416464456445144,0.,-0.909151998577714));
#912=DIRECTION('',(-0.416464456445144,0.,-0.909151998577714));
#913=DIRECTION('',(0.,1.,0.));
#914=DIRECTION('',(0.,1.,0.));
#915=DIRECTION('center_axis',(-0.888350254567587,0.,0.45916644608432));
#916=DIRECTION('ref_axis',(0.45916644608432,0.,0.888350254567586));
#917=DIRECTION('',(0.45916644608432,0.,0.888350254567586));
#918=DIRECTION('',(0.45916644608432,0.,0.888350254567586));
#919=DIRECTION('',(0.,1.,0.));
#920=DIRECTION('',(0.,1.,0.));
#921=DIRECTION('',(0.,1.,0.));
#922=DIRECTION('center_axis',(0.911394873414332,0.,0.411532969170241));
#923=DIRECTION('ref_axis',(0.411532969170241,0.,-0.911394873414332));
#924=DIRECTION('',(0.411532969170241,0.,-0.911394873414332));
#925=DIRECTION('',(0.411532969170241,0.,-0.911394873414332));
#926=DIRECTION('',(0.,1.,0.));
#927=DIRECTION('',(0.,1.,0.));
#928=DIRECTION('center_axis',(0.,0.,1.));
#929=DIRECTION('ref_axis',(1.,0.,0.));
#930=DIRECTION('',(1.,0.,0.));
#931=DIRECTION('',(1.,0.,0.));
#932=DIRECTION('',(0.,1.,0.));
#933=DIRECTION('',(0.,1.,0.));
#934=DIRECTION('center_axis',(-0.911394873414332,0.,0.411532969170241));
#935=DIRECTION('ref_axis',(0.411532969170241,0.,0.911394873414332));
#936=DIRECTION('',(0.411532969170241,0.,0.911394873414332));
#937=DIRECTION('',(0.411532969170241,0.,0.911394873414332));
#938=DIRECTION('',(0.,1.,0.));
#939=DIRECTION('',(0.,1.,0.));
#940=DIRECTION('',(0.,1.,0.));
#941=DIRECTION('center_axis',(0.886950602925978,0.,0.46186429605377));
#942=DIRECTION('ref_axis',(0.46186429605377,0.,-0.886950602925978));
#943=DIRECTION('',(0.46186429605377,0.,-0.886950602925978));
#944=DIRECTION('',(0.46186429605377,0.,-0.886950602925978));
#945=DIRECTION('',(0.,1.,0.));
#946=DIRECTION('center_axis',(-0.889330885145071,0.,-0.457264230754041));
#947=DIRECTION('ref_axis',(-0.457264230754041,0.,0.889330885145071));
#948=DIRECTION('',(-0.457264230754041,0.,0.889330885145071));
#949=DIRECTION('',(0.,1.,0.));
#950=DIRECTION('',(-0.457264230754041,0.,0.889330885145071));
#951=DIRECTION('',(0.,1.,0.));
#952=DIRECTION('',(0.,1.,0.));
#953=DIRECTION('',(0.,1.,0.));
#954=DIRECTION('center_axis',(0.912215109244571,0.,-0.409711599135191));
#955=DIRECTION('ref_axis',(-0.409711599135191,0.,-0.912215109244571));
#956=DIRECTION('',(-0.409711599135191,0.,-0.912215109244571));
#957=DIRECTION('',(-0.409711599135191,0.,-0.912215109244571));
#958=DIRECTION('',(0.,1.,0.));
#959=DIRECTION('',(0.,1.,0.));
#960=DIRECTION('',(0.,1.,0.));
#961=DIRECTION('center_axis',(-0.910073619409969,0.,-0.414446627750835));
#962=DIRECTION('ref_axis',(-0.414446627750835,0.,0.910073619409969));
#963=DIRECTION('',(-0.414446627750835,0.,0.910073619409969));
#964=DIRECTION('',(-0.414446627750835,0.,0.910073619409969));
#965=DIRECTION('',(0.,1.,0.));
#966=DIRECTION('',(0.,1.,0.));
#967=DIRECTION('',(0.,1.,0.));
#968=DIRECTION('center_axis',(0.888727765288834,0.,-0.458435338084572));
#969=DIRECTION('ref_axis',(-0.458435338084572,0.,-0.888727765288834));
#970=DIRECTION('',(-0.458435338084572,0.,-0.888727765288834));
#971=DIRECTION('',(-0.458435338084572,0.,-0.888727765288834));
#972=DIRECTION('',(0.,1.,0.));
#973=DIRECTION('',(0.,1.,0.));
#974=DIRECTION('',(0.,1.,0.));
#975=DIRECTION('',(0.,1.,0.));
#976=DIRECTION('',(0.,1.,0.));
#977=DIRECTION('',(0.,1.,0.));
#978=DIRECTION('',(0.,1.,0.));
#979=DIRECTION('',(0.,1.,0.));
#980=DIRECTION('center_axis',(0.,1.,0.));
#981=DIRECTION('ref_axis',(1.,0.,0.));
#982=DIRECTION('center_axis',(0.,1.,0.));
#983=DIRECTION('ref_axis',(1.,0.,0.));
#984=CARTESIAN_POINT('',(0.,0.,0.));
#985=CARTESIAN_POINT('Origin',(0.0343958636124936,0.,0.734354124656477));
#986=CARTESIAN_POINT('',(0.034395863612493,0.,0.734354124656477));
#987=CARTESIAN_POINT('',(0.90752091407776,0.,2.6208333216023));
#988=CARTESIAN_POINT('',(0.90752091407776,0.,2.6208333216023));
#989=CARTESIAN_POINT('',(0.90752091407776,1.,2.6208333216023));
#990=CARTESIAN_POINT('',(0.90752091407776,0.,2.6208333216023));
#991=CARTESIAN_POINT('',(0.034395863612493,1.,0.734354124656477));
#992=CARTESIAN_POINT('',(0.90752091407776,1.,2.6208333216023));
#993=CARTESIAN_POINT('',(0.034395863612493,0.,0.734354124656477));
#994=CARTESIAN_POINT('Ctrl Pts',(5.55111512312578E-16,0.,0.699958261043984));
#995=CARTESIAN_POINT('Ctrl Pts',(5.55111512312578E-16,1.,0.699958261043984));
#996=CARTESIAN_POINT('Ctrl Pts',(0.0238125403722134,0.,0.699958261043984));
#997=CARTESIAN_POINT('Ctrl Pts',(0.0238125403722134,1.,0.699958261043984));
#998=CARTESIAN_POINT('Ctrl Pts',(0.0238125403722134,0.,0.723770801416197));
#999=CARTESIAN_POINT('Ctrl Pts',(0.0238125403722134,1.,0.723770801416197));
#1000=CARTESIAN_POINT('Ctrl Pts',(0.034395863612493,0.,0.734354124656477));
#1001=CARTESIAN_POINT('Ctrl Pts',(0.034395863612493,1.,0.734354124656477));
#1002=CARTESIAN_POINT('',(5.55111512312578E-16,0.,0.699958261043984));
#1003=CARTESIAN_POINT('Ctrl Pts',(5.55111512312578E-16,0.,0.699958261043984));
#1004=CARTESIAN_POINT('Ctrl Pts',(0.0238125403722134,0.,0.699958261043984));
#1005=CARTESIAN_POINT('Ctrl Pts',(0.0238125403722134,0.,0.723770801416197));
#1006=CARTESIAN_POINT('Ctrl Pts',(0.034395863612493,0.,0.734354124656477));
#1007=CARTESIAN_POINT('',(5.55111512312578E-16,1.,0.699958261043984));
#1008=CARTESIAN_POINT('Ctrl Pts',(5.55111512312578E-16,1.,0.699958261043984));
#1009=CARTESIAN_POINT('Ctrl Pts',(0.0238125403722134,1.,0.699958261043984));
#1010=CARTESIAN_POINT('Ctrl Pts',(0.0238125403722134,1.,0.723770801416197));
#1011=CARTESIAN_POINT('Ctrl Pts',(0.034395863612493,1.,0.734354124656477));
#1012=CARTESIAN_POINT('',(5.55111512312578E-16,0.,0.699958261043984));
#1013=CARTESIAN_POINT('Ctrl Pts',(-0.0343958636124925,0.,0.734354124656477));
#1014=CARTESIAN_POINT('Ctrl Pts',(-0.0343958636124925,1.,0.734354124656477));
#1015=CARTESIAN_POINT('Ctrl Pts',(-0.0238125403722123,0.,0.723770801416197));
#1016=CARTESIAN_POINT('Ctrl Pts',(-0.0238125403722123,1.,0.723770801416197));
#1017=CARTESIAN_POINT('Ctrl Pts',(-0.0238125403722123,0.,0.699958261043984));
#1018=CARTESIAN_POINT('Ctrl Pts',(-0.0238125403722123,1.,0.699958261043984));
#1019=CARTESIAN_POINT('Ctrl Pts',(5.55111512312578E-16,0.,0.699958261043984));
#1020=CARTESIAN_POINT('Ctrl Pts',(5.55111512312578E-16,1.,0.699958261043984));
#1021=CARTESIAN_POINT('',(-0.0343958636124925,0.,0.734354124656477));
#1022=CARTESIAN_POINT('Ctrl Pts',(-0.0343958636124925,0.,0.734354124656477));
#1023=CARTESIAN_POINT('Ctrl Pts',(-0.0238125403722123,0.,0.723770801416197));
#1024=CARTESIAN_POINT('Ctrl Pts',(-0.0238125403722123,0.,0.699958261043984));
#1025=CARTESIAN_POINT('Ctrl Pts',(5.55111512312578E-16,0.,0.699958261043984));
#1026=CARTESIAN_POINT('',(-0.0343958636124925,1.,0.734354124656477));
#1027=CARTESIAN_POINT('Ctrl Pts',(-0.0343958636124925,1.,0.734354124656477));
#1028=CARTESIAN_POINT('Ctrl Pts',(-0.0238125403722123,1.,0.723770801416197));
#1029=CARTESIAN_POINT('Ctrl Pts',(-0.0238125403722123,1.,0.699958261043984));
#1030=CARTESIAN_POINT('Ctrl Pts',(5.55111512312578E-16,1.,0.699958261043984));
#1031=CARTESIAN_POINT('',(-0.0343958636124925,0.,0.734354124656477));
#1032=CARTESIAN_POINT('Origin',(-0.907520914077758,0.,2.6208333216023));
#1033=CARTESIAN_POINT('',(-0.907520914077758,0.,2.6208333216023));
#1034=CARTESIAN_POINT('',(-0.0343958636124925,0.,0.734354124656477));
#1035=CARTESIAN_POINT('',(-0.907520914077758,1.,2.6208333216023));
#1036=CARTESIAN_POINT('',(-0.0343958636124925,1.,0.734354124656477));
#1037=CARTESIAN_POINT('',(-0.907520914077758,0.,2.6208333216023));
#1038=CARTESIAN_POINT('Origin',(6.24500451351651E-16,0.,0.0609219888962165));
#1039=CARTESIAN_POINT('Origin',(6.24500451351651E-16,0.,0.0609219888962165));
#1040=CARTESIAN_POINT('Origin',(6.24500451351651E-16,1.,0.0609219888962165));
#1041=CARTESIAN_POINT('Origin',(-0.338666596015294,0.,0.247520750950931));
#1042=CARTESIAN_POINT('',(-0.338666596015294,0.,0.247520750950931));
#1043=CARTESIAN_POINT('',(-1.34937497476737,0.,2.42504165241237));
#1044=CARTESIAN_POINT('',(-1.34937497476737,0.,2.42504165241237));
#1045=CARTESIAN_POINT('',(-1.34937497476737,1.,2.42504165241237));
#1046=CARTESIAN_POINT('',(-1.34937497476737,0.,2.42504165241237));
#1047=CARTESIAN_POINT('',(-0.338666596015294,1.,0.247520750950931));
#1048=CARTESIAN_POINT('',(-1.34937497476737,1.,2.42504165241237));
#1049=CARTESIAN_POINT('',(-0.338666596015294,0.,0.247520750950931));
#1050=CARTESIAN_POINT('Ctrl Pts',(-0.264583333333333,0.,0.189312599292554));
#1051=CARTESIAN_POINT('Ctrl Pts',(-0.264583333333333,1.,0.189312599292554));
#1052=CARTESIAN_POINT('Ctrl Pts',(-0.293687409162521,0.,0.189312599292554));
#1053=CARTESIAN_POINT('Ctrl Pts',(-0.293687409162521,1.,0.189312599292554));
#1054=CARTESIAN_POINT('Ctrl Pts',(-0.317499949534734,0.,0.202541564098158));
#1055=CARTESIAN_POINT('Ctrl Pts',(-0.317499949534734,1.,0.202541564098158));
#1056=CARTESIAN_POINT('Ctrl Pts',(-0.338666596015294,0.,0.247520750950931));
#1057=CARTESIAN_POINT('Ctrl Pts',(-0.338666596015294,1.,0.247520750950931));
#1058=CARTESIAN_POINT('',(-0.264583333333333,0.,0.189312599292554));
#1059=CARTESIAN_POINT('Ctrl Pts',(-0.264583333333333,0.,0.189312599292554));
#1060=CARTESIAN_POINT('Ctrl Pts',(-0.293687409162521,0.,0.189312599292554));
#1061=CARTESIAN_POINT('Ctrl Pts',(-0.317499949534734,0.,0.202541564098158));
#1062=CARTESIAN_POINT('Ctrl Pts',(-0.338666596015294,0.,0.247520750950931));
#1063=CARTESIAN_POINT('',(-0.264583333333333,1.,0.189312599292554));
#1064=CARTESIAN_POINT('Ctrl Pts',(-0.264583333333333,1.,0.189312599292554));
#1065=CARTESIAN_POINT('Ctrl Pts',(-0.293687409162521,1.,0.189312599292554));
#1066=CARTESIAN_POINT('Ctrl Pts',(-0.317499949534734,1.,0.202541564098158));
#1067=CARTESIAN_POINT('Ctrl Pts',(-0.338666596015294,1.,0.247520750950931));
#1068=CARTESIAN_POINT('',(-0.264583333333333,0.,0.189312599292554));
#1069=CARTESIAN_POINT('Origin',(0.264583333333334,0.,0.189312599292554));
#1070=CARTESIAN_POINT('',(0.264583333333334,0.,0.189312599292554));
#1071=CARTESIAN_POINT('',(-0.264583333333333,0.,0.189312599292554));
#1072=CARTESIAN_POINT('',(0.264583333333334,1.,0.189312599292554));
#1073=CARTESIAN_POINT('',(-0.264583333333333,1.,0.189312599292554));
#1074=CARTESIAN_POINT('',(0.264583333333334,0.,0.189312599292554));
#1075=CARTESIAN_POINT('Ctrl Pts',(0.341312489906948,0.,0.247520750950931));
#1076=CARTESIAN_POINT('Ctrl Pts',(0.341312489906948,1.,0.247520750950931));
#1077=CARTESIAN_POINT('Ctrl Pts',(0.317499949534735,0.,0.202541564098158));
#1078=CARTESIAN_POINT('Ctrl Pts',(0.317499949534735,1.,0.202541564098158));
#1079=CARTESIAN_POINT('Ctrl Pts',(0.296333303054174,0.,0.189312599292554));
#1080=CARTESIAN_POINT('Ctrl Pts',(0.296333303054174,1.,0.189312599292554));
#1081=CARTESIAN_POINT('Ctrl Pts',(0.264583333333334,0.,0.189312599292554));
#1082=CARTESIAN_POINT('Ctrl Pts',(0.264583333333334,1.,0.189312599292554));
#1083=CARTESIAN_POINT('',(0.341312489906947,0.,0.247520750950931));
#1084=CARTESIAN_POINT('Ctrl Pts',(0.341312489906948,0.,0.247520750950931));
#1085=CARTESIAN_POINT('Ctrl Pts',(0.317499949534735,0.,0.202541564098158));
#1086=CARTESIAN_POINT('Ctrl Pts',(0.296333303054174,0.,0.189312599292554));
#1087=CARTESIAN_POINT('Ctrl Pts',(0.264583333333334,0.,0.189312599292554));
#1088=CARTESIAN_POINT('',(0.341312489906948,1.,0.247520750950931));
#1089=CARTESIAN_POINT('Ctrl Pts',(0.341312489906948,1.,0.247520750950931));
#1090=CARTESIAN_POINT('Ctrl Pts',(0.317499949534735,1.,0.202541564098158));
#1091=CARTESIAN_POINT('Ctrl Pts',(0.296333303054174,1.,0.189312599292554));
#1092=CARTESIAN_POINT('Ctrl Pts',(0.264583333333334,1.,0.189312599292554));
#1093=CARTESIAN_POINT('',(0.341312489906947,0.,0.247520750950931));
#1094=CARTESIAN_POINT('Origin',(1.33879152536392,0.,2.42504165241237));
#1095=CARTESIAN_POINT('',(1.33879152536392,0.,2.42504165241237));
#1096=CARTESIAN_POINT('',(0.341312489906947,0.,0.247520750950931));
#1097=CARTESIAN_POINT('',(1.33879152536392,1.,2.42504165241237));
#1098=CARTESIAN_POINT('',(0.341312489906947,1.,0.247520750950931));
#1099=CARTESIAN_POINT('',(1.33879152536392,0.,2.42504165241237));
#1100=CARTESIAN_POINT('Ctrl Pts',(2.37066642443339,0.,1.4381458771141));
#1101=CARTESIAN_POINT('Ctrl Pts',(2.37066642443339,1.,1.4381458771141));
#1102=CARTESIAN_POINT('Ctrl Pts',(2.11666666666667,0.,1.84560420035438));
#1103=CARTESIAN_POINT('Ctrl Pts',(2.11666666666667,1.,1.84560420035438));
#1104=CARTESIAN_POINT('Ctrl Pts',(1.75683317184448,0.,2.18691662717974));
#1105=CARTESIAN_POINT('Ctrl Pts',(1.75683317184448,1.,2.18691662717974));
#1106=CARTESIAN_POINT('Ctrl Pts',(1.33879152536392,0.,2.42504165241237));
#1107=CARTESIAN_POINT('Ctrl Pts',(1.33879152536392,1.,2.42504165241237));
#1108=CARTESIAN_POINT('',(2.37066642443339,0.,1.4381458771141));
#1109=CARTESIAN_POINT('Ctrl Pts',(2.37066642443339,0.,1.4381458771141));
#1110=CARTESIAN_POINT('Ctrl Pts',(2.11666666666667,0.,1.84560420035438));
#1111=CARTESIAN_POINT('Ctrl Pts',(1.75683317184448,0.,2.18691662717974));
#1112=CARTESIAN_POINT('Ctrl Pts',(1.33879152536392,0.,2.42504165241237));
#1113=CARTESIAN_POINT('',(2.37066642443339,1.,1.4381458771141));
#1114=CARTESIAN_POINT('Ctrl Pts',(2.37066642443339,1.,1.4381458771141));
#1115=CARTESIAN_POINT('Ctrl Pts',(2.11666666666667,1.,1.84560420035438));
#1116=CARTESIAN_POINT('Ctrl Pts',(1.75683317184448,1.,2.18691662717974));
#1117=CARTESIAN_POINT('Ctrl Pts',(1.33879152536392,1.,2.42504165241237));
#1118=CARTESIAN_POINT('',(2.37066642443339,0.,1.4381458771141));
#1119=CARTESIAN_POINT('Origin',(0.952500100930532,0.,-1.30558338543658));
#1120=CARTESIAN_POINT('',(0.952500100930532,0.,-1.30558338543658));
#1121=CARTESIAN_POINT('',(2.37066642443339,0.,1.4381458771141));
#1122=CARTESIAN_POINT('',(0.952500100930532,1.,-1.30558338543658));
#1123=CARTESIAN_POINT('',(2.37066642443339,1.,1.4381458771141));
#1124=CARTESIAN_POINT('',(0.952500100930532,0.,-1.30558338543658));
#1125=CARTESIAN_POINT('Ctrl Pts',(0.918104237318039,0.,-1.33997899672274));
#1126=CARTESIAN_POINT('Ctrl Pts',(0.918104237318039,1.,-1.33997899672274));
#1127=CARTESIAN_POINT('Ctrl Pts',(0.926041666666667,0.,-1.33997899672274));
#1128=CARTESIAN_POINT('Ctrl Pts',(0.926041666666667,1.,-1.33997899672274));
#1129=CARTESIAN_POINT('Ctrl Pts',(0.941916777690252,0.,-1.32939592580879));
#1130=CARTESIAN_POINT('Ctrl Pts',(0.941916777690252,1.,-1.32939592580879));
#1131=CARTESIAN_POINT('Ctrl Pts',(0.952500100930532,0.,-1.30558338543658));
#1132=CARTESIAN_POINT('Ctrl Pts',(0.952500100930532,1.,-1.30558338543658));
#1133=CARTESIAN_POINT('',(0.918104237318039,0.,-1.33997899672274));
#1134=CARTESIAN_POINT('Ctrl Pts',(0.918104237318039,0.,-1.33997899672274));
#1135=CARTESIAN_POINT('Ctrl Pts',(0.926041666666667,0.,-1.33997899672274));
#1136=CARTESIAN_POINT('Ctrl Pts',(0.941916777690252,0.,-1.32939592580879));
#1137=CARTESIAN_POINT('Ctrl Pts',(0.952500100930532,0.,-1.30558338543658));
#1138=CARTESIAN_POINT('',(0.918104237318039,1.,-1.33997899672274));
#1139=CARTESIAN_POINT('Ctrl Pts',(0.918104237318039,1.,-1.33997899672274));
#1140=CARTESIAN_POINT('Ctrl Pts',(0.926041666666667,1.,-1.33997899672274));
#1141=CARTESIAN_POINT('Ctrl Pts',(0.941916777690252,1.,-1.32939592580879));
#1142=CARTESIAN_POINT('Ctrl Pts',(0.952500100930532,1.,-1.30558338543658));
#1143=CARTESIAN_POINT('',(0.918104237318039,0.,-1.33997899672274));
#1144=CARTESIAN_POINT('Ctrl Pts',(0.883708373705547,0.,-1.30558338543658));
#1145=CARTESIAN_POINT('Ctrl Pts',(0.883708373705547,1.,-1.30558338543658));
#1146=CARTESIAN_POINT('Ctrl Pts',(0.896937590837479,0.,-1.31881235024218));
#1147=CARTESIAN_POINT('Ctrl Pts',(0.896937590837479,1.,-1.31881235024218));
#1148=CARTESIAN_POINT('Ctrl Pts',(0.896937590837479,0.,-1.33997899672274));
#1149=CARTESIAN_POINT('Ctrl Pts',(0.896937590837479,1.,-1.33997899672274));
#1150=CARTESIAN_POINT('Ctrl Pts',(0.918104237318039,0.,-1.33997899672274));
#1151=CARTESIAN_POINT('Ctrl Pts',(0.918104237318039,1.,-1.33997899672274));
#1152=CARTESIAN_POINT('',(0.883708373705547,0.,-1.30558338543658));
#1153=CARTESIAN_POINT('Ctrl Pts',(0.883708373705547,0.,-1.30558338543658));
#1154=CARTESIAN_POINT('Ctrl Pts',(0.896937590837479,0.,-1.31881235024218));
#1155=CARTESIAN_POINT('Ctrl Pts',(0.896937590837479,0.,-1.33997899672274));
#1156=CARTESIAN_POINT('Ctrl Pts',(0.918104237318039,0.,-1.33997899672274));
#1157=CARTESIAN_POINT('',(0.883708373705547,1.,-1.30558338543658));
#1158=CARTESIAN_POINT('Ctrl Pts',(0.883708373705547,1.,-1.30558338543658));
#1159=CARTESIAN_POINT('Ctrl Pts',(0.896937590837479,1.,-1.31881235024218));
#1160=CARTESIAN_POINT('Ctrl Pts',(0.896937590837479,1.,-1.33997899672274));
#1161=CARTESIAN_POINT('Ctrl Pts',(0.918104237318039,1.,-1.33997899672274));
#1162=CARTESIAN_POINT('',(0.883708373705547,0.,-1.30558338543658));
#1163=CARTESIAN_POINT('Origin',(0.341312489906947,0.,-0.104375062196296));
#1164=CARTESIAN_POINT('',(0.341312489906948,0.,-0.104375062196296));
#1165=CARTESIAN_POINT('',(0.883708373705547,0.,-1.30558338543658));
#1166=CARTESIAN_POINT('',(0.341312489906948,1.,-0.104375062196296));
#1167=CARTESIAN_POINT('',(0.883708373705547,1.,-1.30558338543658));
#1168=CARTESIAN_POINT('',(0.341312489906948,0.,-0.104375062196296));
#1169=CARTESIAN_POINT('Ctrl Pts',(0.264583333333334,0.,-0.0488125521032434));
#1170=CARTESIAN_POINT('Ctrl Pts',(0.264583333333334,1.,-0.0488125521032434));
#1171=CARTESIAN_POINT('Ctrl Pts',(0.296333303054174,0.,-0.0488125521032434));
#1172=CARTESIAN_POINT('Ctrl Pts',(0.296333303054174,1.,-0.0488125521032434));
#1173=CARTESIAN_POINT('Ctrl Pts',(0.317499949534735,0.,-0.0593958753435231));
#1174=CARTESIAN_POINT('Ctrl Pts',(0.317499949534735,1.,-0.0593958753435231));
#1175=CARTESIAN_POINT('Ctrl Pts',(0.341312489906948,0.,-0.104375062196296));
#1176=CARTESIAN_POINT('Ctrl Pts',(0.341312489906948,1.,-0.104375062196296));
#1177=CARTESIAN_POINT('',(0.264583333333334,0.,-0.0488125521032434));
#1178=CARTESIAN_POINT('Ctrl Pts',(0.264583333333334,0.,-0.0488125521032434));
#1179=CARTESIAN_POINT('Ctrl Pts',(0.296333303054174,0.,-0.0488125521032434));
#1180=CARTESIAN_POINT('Ctrl Pts',(0.317499949534735,0.,-0.0593958753435231));
#1181=CARTESIAN_POINT('Ctrl Pts',(0.341312489906948,0.,-0.104375062196296));
#1182=CARTESIAN_POINT('',(0.264583333333334,1.,-0.0488125521032434));
#1183=CARTESIAN_POINT('Ctrl Pts',(0.264583333333334,1.,-0.0488125521032434));
#1184=CARTESIAN_POINT('Ctrl Pts',(0.296333303054174,1.,-0.0488125521032434));
#1185=CARTESIAN_POINT('Ctrl Pts',(0.317499949534735,1.,-0.0593958753435231));
#1186=CARTESIAN_POINT('Ctrl Pts',(0.341312489906948,1.,-0.104375062196296));
#1187=CARTESIAN_POINT('',(0.264583333333334,0.,-0.0488125521032434));
#1188=CARTESIAN_POINT('Origin',(-0.264583333333333,0.,-0.0488125521032434));
#1189=CARTESIAN_POINT('',(-0.264583333333333,0.,-0.0488125521032434));
#1190=CARTESIAN_POINT('',(0.264583333333334,0.,-0.0488125521032434));
#1191=CARTESIAN_POINT('',(-0.264583333333333,1.,-0.0488125521032434));
#1192=CARTESIAN_POINT('',(0.264583333333334,1.,-0.0488125521032434));
#1193=CARTESIAN_POINT('',(-0.264583333333333,0.,-0.0488125521032434));
#1194=CARTESIAN_POINT('Ctrl Pts',(-0.341312489906946,0.,-0.104375062196296));
#1195=CARTESIAN_POINT('Ctrl Pts',(-0.341312489906946,1.,-0.104375062196296));
#1196=CARTESIAN_POINT('Ctrl Pts',(-0.317499949534734,0.,-0.0593958753435231));
#1197=CARTESIAN_POINT('Ctrl Pts',(-0.317499949534734,1.,-0.0593958753435231));
#1198=CARTESIAN_POINT('Ctrl Pts',(-0.293687409162521,0.,-0.0488125521032434));
#1199=CARTESIAN_POINT('Ctrl Pts',(-0.293687409162521,1.,-0.0488125521032434));
#1200=CARTESIAN_POINT('Ctrl Pts',(-0.264583333333333,0.,-0.0488125521032434));
#1201=CARTESIAN_POINT('Ctrl Pts',(-0.264583333333333,1.,-0.0488125521032434));
#1202=CARTESIAN_POINT('',(-0.341312489906946,0.,-0.104375062196296));
#1203=CARTESIAN_POINT('Ctrl Pts',(-0.341312489906946,0.,-0.104375062196296));
#1204=CARTESIAN_POINT('Ctrl Pts',(-0.317499949534734,0.,-0.0593958753435231));
#1205=CARTESIAN_POINT('Ctrl Pts',(-0.293687409162521,0.,-0.0488125521032434));
#1206=CARTESIAN_POINT('Ctrl Pts',(-0.264583333333333,0.,-0.0488125521032434));
#1207=CARTESIAN_POINT('',(-0.341312489906946,1.,-0.104375062196296));
#1208=CARTESIAN_POINT('Ctrl Pts',(-0.341312489906946,1.,-0.104375062196296));
#1209=CARTESIAN_POINT('Ctrl Pts',(-0.317499949534734,1.,-0.0593958753435231));
#1210=CARTESIAN_POINT('Ctrl Pts',(-0.293687409162521,1.,-0.0488125521032434));
#1211=CARTESIAN_POINT('Ctrl Pts',(-0.264583333333333,1.,-0.0488125521032434));
#1212=CARTESIAN_POINT('',(-0.341312489906946,0.,-0.104375062196296));
#1213=CARTESIAN_POINT('Origin',(-0.883708373705546,0.,-1.30558338543658));
#1214=CARTESIAN_POINT('',(-0.883708373705546,0.,-1.30558338543658));
#1215=CARTESIAN_POINT('',(-0.341312489906946,0.,-0.104375062196296));
#1216=CARTESIAN_POINT('',(-0.883708373705546,1.,-1.30558338543658));
#1217=CARTESIAN_POINT('',(-0.341312489906946,1.,-0.104375062196296));
#1218=CARTESIAN_POINT('',(-0.883708373705546,0.,-1.30558338543658));
#1219=CARTESIAN_POINT('Ctrl Pts',(-0.918104237318039,0.,-1.33997899672274));
#1220=CARTESIAN_POINT('Ctrl Pts',(-0.918104237318039,1.,-1.33997899672274));
#1221=CARTESIAN_POINT('Ctrl Pts',(-0.894291696945826,0.,-1.33997899672274));
#1222=CARTESIAN_POINT('Ctrl Pts',(-0.894291696945826,1.,-1.33997899672274));
#1223=CARTESIAN_POINT('Ctrl Pts',(-0.896937590837478,0.,-1.31881235024218));
#1224=CARTESIAN_POINT('Ctrl Pts',(-0.896937590837478,1.,-1.31881235024218));
#1225=CARTESIAN_POINT('Ctrl Pts',(-0.883708373705546,0.,-1.30558338543658));
#1226=CARTESIAN_POINT('Ctrl Pts',(-0.883708373705546,1.,-1.30558338543658));
#1227=CARTESIAN_POINT('',(-0.918104237318039,0.,-1.33997899672274));
#1228=CARTESIAN_POINT('Ctrl Pts',(-0.918104237318039,0.,-1.33997899672274));
#1229=CARTESIAN_POINT('Ctrl Pts',(-0.894291696945826,0.,-1.33997899672274));
#1230=CARTESIAN_POINT('Ctrl Pts',(-0.896937590837478,0.,-1.31881235024218));
#1231=CARTESIAN_POINT('Ctrl Pts',(-0.883708373705546,0.,-1.30558338543658));
#1232=CARTESIAN_POINT('',(-0.918104237318039,1.,-1.33997899672274));
#1233=CARTESIAN_POINT('Ctrl Pts',(-0.918104237318039,1.,-1.33997899672274));
#1234=CARTESIAN_POINT('Ctrl Pts',(-0.894291696945826,1.,-1.33997899672274));
#1235=CARTESIAN_POINT('Ctrl Pts',(-0.896937590837478,1.,-1.31881235024218));
#1236=CARTESIAN_POINT('Ctrl Pts',(-0.883708373705546,1.,-1.30558338543658));
#1237=CARTESIAN_POINT('',(-0.918104237318039,0.,-1.33997899672274));
#1238=CARTESIAN_POINT('Ctrl Pts',(-0.952500100930531,0.,-1.30558338543658));
#1239=CARTESIAN_POINT('Ctrl Pts',(-0.952500100930531,1.,-1.30558338543658));
#1240=CARTESIAN_POINT('Ctrl Pts',(-0.941916777690252,0.,-1.31881235024218));
#1241=CARTESIAN_POINT('Ctrl Pts',(-0.941916777690252,1.,-1.31881235024218));
#1242=CARTESIAN_POINT('Ctrl Pts',(-0.941916777690252,0.,-1.33997899672274));
#1243=CARTESIAN_POINT('Ctrl Pts',(-0.941916777690252,1.,-1.33997899672274));
#1244=CARTESIAN_POINT('Ctrl Pts',(-0.918104237318039,0.,-1.33997899672274));
#1245=CARTESIAN_POINT('Ctrl Pts',(-0.918104237318039,1.,-1.33997899672274));
#1246=CARTESIAN_POINT('',(-0.952500100930531,0.,-1.30558338543658));
#1247=CARTESIAN_POINT('Ctrl Pts',(-0.952500100930531,0.,-1.30558338543658));
#1248=CARTESIAN_POINT('Ctrl Pts',(-0.941916777690252,0.,-1.31881235024218));
#1249=CARTESIAN_POINT('Ctrl Pts',(-0.941916777690252,0.,-1.33997899672274));
#1250=CARTESIAN_POINT('Ctrl Pts',(-0.918104237318039,0.,-1.33997899672274));
#1251=CARTESIAN_POINT('',(-0.952500100930531,1.,-1.30558338543658));
#1252=CARTESIAN_POINT('Ctrl Pts',(-0.952500100930531,1.,-1.30558338543658));
#1253=CARTESIAN_POINT('Ctrl Pts',(-0.941916777690252,1.,-1.31881235024218));
#1254=CARTESIAN_POINT('Ctrl Pts',(-0.941916777690252,1.,-1.33997899672274));
#1255=CARTESIAN_POINT('Ctrl Pts',(-0.918104237318039,1.,-1.33997899672274));
#1256=CARTESIAN_POINT('',(-0.952500100930531,0.,-1.30558338543658));
#1257=CARTESIAN_POINT('Origin',(-2.38125,0.,1.4381458771141));
#1258=CARTESIAN_POINT('',(-2.38125,0.,1.4381458771141));
#1259=CARTESIAN_POINT('',(-0.952500100930531,0.,-1.30558338543658));
#1260=CARTESIAN_POINT('',(-2.38125,1.,1.4381458771141));
#1261=CARTESIAN_POINT('',(-0.952500100930531,1.,-1.30558338543658));
#1262=CARTESIAN_POINT('',(-2.38125,0.,1.4381458771141));
#1263=CARTESIAN_POINT('Ctrl Pts',(-1.34937497476737,0.,2.42504165241237));
#1264=CARTESIAN_POINT('Ctrl Pts',(-1.34937497476737,1.,2.42504165241237));
#1265=CARTESIAN_POINT('Ctrl Pts',(-1.76741662124793,0.,2.18691662717974));
#1266=CARTESIAN_POINT('Ctrl Pts',(-1.76741662124793,1.,2.18691662717974));
#1267=CARTESIAN_POINT('Ctrl Pts',(-2.13254165152709,0.,1.84560420035438));
#1268=CARTESIAN_POINT('Ctrl Pts',(-2.13254165152709,1.,1.84560420035438));
#1269=CARTESIAN_POINT('Ctrl Pts',(-2.38125,0.,1.4381458771141));
#1270=CARTESIAN_POINT('Ctrl Pts',(-2.38125,1.,1.4381458771141));
#1271=CARTESIAN_POINT('Ctrl Pts',(-1.34937497476737,0.,2.42504165241237));
#1272=CARTESIAN_POINT('Ctrl Pts',(-1.76741662124793,0.,2.18691662717974));
#1273=CARTESIAN_POINT('Ctrl Pts',(-2.13254165152709,0.,1.84560420035438));
#1274=CARTESIAN_POINT('Ctrl Pts',(-2.38125,0.,1.4381458771141));
#1275=CARTESIAN_POINT('Ctrl Pts',(-1.34937497476737,1.,2.42504165241237));
#1276=CARTESIAN_POINT('Ctrl Pts',(-1.76741662124793,1.,2.18691662717974));
#1277=CARTESIAN_POINT('Ctrl Pts',(-2.13254165152709,1.,1.84560420035438));
#1278=CARTESIAN_POINT('Ctrl Pts',(-2.38125,1.,1.4381458771141));
#1279=CARTESIAN_POINT('Origin',(-0.997479287783304,0.,-2.28189602673932));
#1280=CARTESIAN_POINT('',(-0.997479287783305,0.,-2.28189602673932));
#1281=CARTESIAN_POINT('',(-2.62995834847291,0.,0.893104225587009));
#1282=CARTESIAN_POINT('',(-2.62995834847291,0.,0.893104225587009));
#1283=CARTESIAN_POINT('',(-2.62995834847291,1.,0.893104225587009));
#1284=CARTESIAN_POINT('',(-2.62995834847291,0.,0.893104225587009));
#1285=CARTESIAN_POINT('',(-0.997479287783305,1.,-2.28189602673932));
#1286=CARTESIAN_POINT('',(-2.62995834847291,1.,0.893104225587009));
#1287=CARTESIAN_POINT('',(-0.997479287783305,0.,-2.28189602673932));
#1288=CARTESIAN_POINT('Ctrl Pts',(-0.894291696945826,0.,-2.36127082487826));
#1289=CARTESIAN_POINT('Ctrl Pts',(-0.894291696945826,1.,-2.36127082487826));
#1290=CARTESIAN_POINT('Ctrl Pts',(-0.952500100930531,0.,-2.36127082487826));
#1291=CARTESIAN_POINT('Ctrl Pts',(-0.952500100930531,1.,-2.36127082487826));
#1292=CARTESIAN_POINT('Ctrl Pts',(-0.976312388976415,0.,-2.32687521359209));
#1293=CARTESIAN_POINT('Ctrl Pts',(-0.976312388976415,1.,-2.32687521359209));
#1294=CARTESIAN_POINT('Ctrl Pts',(-0.997479287783305,0.,-2.28189602673932));
#1295=CARTESIAN_POINT('Ctrl Pts',(-0.997479287783305,1.,-2.28189602673932));
#1296=CARTESIAN_POINT('',(-0.894291696945826,0.,-2.36127082487826));
#1297=CARTESIAN_POINT('Ctrl Pts',(-0.894291696945826,0.,-2.36127082487826));
#1298=CARTESIAN_POINT('Ctrl Pts',(-0.952500100930531,0.,-2.36127082487826));
#1299=CARTESIAN_POINT('Ctrl Pts',(-0.976312388976415,0.,-2.32687521359209));
#1300=CARTESIAN_POINT('Ctrl Pts',(-0.997479287783305,0.,-2.28189602673932));
#1301=CARTESIAN_POINT('',(-0.894291696945826,1.,-2.36127082487826));
#1302=CARTESIAN_POINT('Ctrl Pts',(-0.894291696945826,1.,-2.36127082487826));
#1303=CARTESIAN_POINT('Ctrl Pts',(-0.952500100930531,1.,-2.36127082487826));
#1304=CARTESIAN_POINT('Ctrl Pts',(-0.976312388976415,1.,-2.32687521359209));
#1305=CARTESIAN_POINT('Ctrl Pts',(-0.997479287783305,1.,-2.28189602673932));
#1306=CARTESIAN_POINT('',(-0.894291696945826,0.,-2.36127082487826));
#1307=CARTESIAN_POINT('Ctrl Pts',(-0.79375,0.,-2.28189602673932));
#1308=CARTESIAN_POINT('Ctrl Pts',(-0.79375,1.,-2.28189602673932));
#1309=CARTESIAN_POINT('Ctrl Pts',(-0.817562540372213,0.,-2.32687521359209));
#1310=CARTESIAN_POINT('Ctrl Pts',(-0.817562540372213,1.,-2.32687521359209));
#1311=CARTESIAN_POINT('Ctrl Pts',(-0.838729186852773,0.,-2.36127082487826));
#1312=CARTESIAN_POINT('Ctrl Pts',(-0.838729186852773,1.,-2.36127082487826));
#1313=CARTESIAN_POINT('Ctrl Pts',(-0.894291696945826,0.,-2.36127082487826));
#1314=CARTESIAN_POINT('Ctrl Pts',(-0.894291696945826,1.,-2.36127082487826));
#1315=CARTESIAN_POINT('',(-0.79375,0.,-2.28189602673932));
#1316=CARTESIAN_POINT('Ctrl Pts',(-0.79375,0.,-2.28189602673932));
#1317=CARTESIAN_POINT('Ctrl Pts',(-0.817562540372213,0.,-2.32687521359209));
#1318=CARTESIAN_POINT('Ctrl Pts',(-0.838729186852773,0.,-2.36127082487826));
#1319=CARTESIAN_POINT('Ctrl Pts',(-0.894291696945826,0.,-2.36127082487826));
#1320=CARTESIAN_POINT('',(-0.79375,1.,-2.28189602673932));
#1321=CARTESIAN_POINT('Ctrl Pts',(-0.79375,1.,-2.28189602673932));
#1322=CARTESIAN_POINT('Ctrl Pts',(-0.817562540372213,1.,-2.32687521359209));
#1323=CARTESIAN_POINT('Ctrl Pts',(-0.838729186852773,1.,-2.36127082487826));
#1324=CARTESIAN_POINT('Ctrl Pts',(-0.894291696945826,1.,-2.36127082487826));
#1325=CARTESIAN_POINT('',(-0.79375,0.,-2.28189602673932));
#1326=CARTESIAN_POINT('Origin',(-0.0343958636124925,0.,-0.591208435901843));
#1327=CARTESIAN_POINT('',(-0.0343958636124925,0.,-0.591208435901843));
#1328=CARTESIAN_POINT('',(-0.79375,0.,-2.28189602673932));
#1329=CARTESIAN_POINT('',(-0.0343958636124925,1.,-0.591208435901843));
#1330=CARTESIAN_POINT('',(-0.79375,1.,-2.28189602673932));
#1331=CARTESIAN_POINT('',(-0.0343958636124925,0.,-0.591208435901843));
#1332=CARTESIAN_POINT('Ctrl Pts',(5.55111512312578E-16,0.,-0.554166678397697));
#1333=CARTESIAN_POINT('Ctrl Pts',(5.55111512312578E-16,1.,-0.554166678397697));
#1334=CARTESIAN_POINT('Ctrl Pts',(-0.0105833232402797,0.,-0.554166678397697));
#1335=CARTESIAN_POINT('Ctrl Pts',(-0.0105833232402797,1.,-0.554166678397697));
#1336=CARTESIAN_POINT('Ctrl Pts',(-0.0238125403722123,0.,-0.570041789421282));
#1337=CARTESIAN_POINT('Ctrl Pts',(-0.0238125403722123,1.,-0.570041789421282));
#1338=CARTESIAN_POINT('Ctrl Pts',(-0.0343958636124925,0.,-0.591208435901843));
#1339=CARTESIAN_POINT('Ctrl Pts',(-0.0343958636124925,1.,-0.591208435901843));
#1340=CARTESIAN_POINT('',(5.55111512312578E-16,0.,-0.554166678397697));
#1341=CARTESIAN_POINT('Ctrl Pts',(5.55111512312578E-16,0.,-0.554166678397697));
#1342=CARTESIAN_POINT('Ctrl Pts',(-0.0105833232402797,0.,-0.554166678397697));
#1343=CARTESIAN_POINT('Ctrl Pts',(-0.0238125403722123,0.,-0.570041789421282));
#1344=CARTESIAN_POINT('Ctrl Pts',(-0.0343958636124925,0.,-0.591208435901843));
#1345=CARTESIAN_POINT('',(5.55111512312578E-16,1.,-0.554166678397697));
#1346=CARTESIAN_POINT('Ctrl Pts',(5.55111512312578E-16,1.,-0.554166678397697));
#1347=CARTESIAN_POINT('Ctrl Pts',(-0.0105833232402797,1.,-0.554166678397697));
#1348=CARTESIAN_POINT('Ctrl Pts',(-0.0238125403722123,1.,-0.570041789421282));
#1349=CARTESIAN_POINT('Ctrl Pts',(-0.0343958636124925,1.,-0.591208435901843));
#1350=CARTESIAN_POINT('',(5.55111512312578E-16,0.,-0.554166678397697));
#1351=CARTESIAN_POINT('Ctrl Pts',(0.034395863612493,0.,-0.591208435901843));
#1352=CARTESIAN_POINT('Ctrl Pts',(0.034395863612493,1.,-0.591208435901843));
#1353=CARTESIAN_POINT('Ctrl Pts',(0.0238125403722134,0.,-0.580625112661562));
#1354=CARTESIAN_POINT('Ctrl Pts',(0.0238125403722134,1.,-0.580625112661562));
#1355=CARTESIAN_POINT('Ctrl Pts',(0.0238125403722134,0.,-0.554166678397697));
#1356=CARTESIAN_POINT('Ctrl Pts',(0.0238125403722134,1.,-0.554166678397697));
#1357=CARTESIAN_POINT('Ctrl Pts',(5.55111512312578E-16,0.,-0.554166678397697));
#1358=CARTESIAN_POINT('Ctrl Pts',(5.55111512312578E-16,1.,-0.554166678397697));
#1359=CARTESIAN_POINT('',(0.034395863612493,0.,-0.591208435901843));
#1360=CARTESIAN_POINT('Ctrl Pts',(0.034395863612493,0.,-0.591208435901843));
#1361=CARTESIAN_POINT('Ctrl Pts',(0.0238125403722134,0.,-0.580625112661562));
#1362=CARTESIAN_POINT('Ctrl Pts',(0.0238125403722134,0.,-0.554166678397697));
#1363=CARTESIAN_POINT('Ctrl Pts',(5.55111512312578E-16,0.,-0.554166678397697));
#1364=CARTESIAN_POINT('',(0.034395863612493,1.,-0.591208435901843));
#1365=CARTESIAN_POINT('Ctrl Pts',(0.034395863612493,1.,-0.591208435901843));
#1366=CARTESIAN_POINT('Ctrl Pts',(0.0238125403722134,1.,-0.580625112661562));
#1367=CARTESIAN_POINT('Ctrl Pts',(0.0238125403722134,1.,-0.554166678397697));
#1368=CARTESIAN_POINT('Ctrl Pts',(5.55111512312578E-16,1.,-0.554166678397697));
#1369=CARTESIAN_POINT('',(0.034395863612493,0.,-0.591208435901843));
#1370=CARTESIAN_POINT('Origin',(0.80433332324028,0.,-2.28189602673932));
#1371=CARTESIAN_POINT('',(0.804333323240281,0.,-2.28189602673932));
#1372=CARTESIAN_POINT('',(0.034395863612493,0.,-0.591208435901843));
#1373=CARTESIAN_POINT('',(0.804333323240281,1.,-2.28189602673932));
#1374=CARTESIAN_POINT('',(0.034395863612493,1.,-0.591208435901843));
#1375=CARTESIAN_POINT('',(0.804333323240281,0.,-2.28189602673932));
#1376=CARTESIAN_POINT('Ctrl Pts',(0.90752091407776,0.,-2.36127082487826));
#1377=CARTESIAN_POINT('Ctrl Pts',(0.90752091407776,1.,-2.36127082487826));
#1378=CARTESIAN_POINT('Ctrl Pts',(0.849312510093054,0.,-2.36127082487826));
#1379=CARTESIAN_POINT('Ctrl Pts',(0.849312510093054,1.,-2.36127082487826));
#1380=CARTESIAN_POINT('Ctrl Pts',(0.828145863612493,0.,-2.32687521359209));
#1381=CARTESIAN_POINT('Ctrl Pts',(0.828145863612493,1.,-2.32687521359209));
#1382=CARTESIAN_POINT('Ctrl Pts',(0.804333323240281,0.,-2.28189602673932));
#1383=CARTESIAN_POINT('Ctrl Pts',(0.804333323240281,1.,-2.28189602673932));
#1384=CARTESIAN_POINT('',(0.90752091407776,0.,-2.36127082487826));
#1385=CARTESIAN_POINT('Ctrl Pts',(0.90752091407776,0.,-2.36127082487826));
#1386=CARTESIAN_POINT('Ctrl Pts',(0.849312510093054,0.,-2.36127082487826));
#1387=CARTESIAN_POINT('Ctrl Pts',(0.828145863612493,0.,-2.32687521359209));
#1388=CARTESIAN_POINT('Ctrl Pts',(0.804333323240281,0.,-2.28189602673932));
#1389=CARTESIAN_POINT('',(0.90752091407776,1.,-2.36127082487826));
#1390=CARTESIAN_POINT('Ctrl Pts',(0.90752091407776,1.,-2.36127082487826));
#1391=CARTESIAN_POINT('Ctrl Pts',(0.849312510093054,1.,-2.36127082487826));
#1392=CARTESIAN_POINT('Ctrl Pts',(0.828145863612493,1.,-2.32687521359209));
#1393=CARTESIAN_POINT('Ctrl Pts',(0.804333323240281,1.,-2.28189602673932));
#1394=CARTESIAN_POINT('',(0.90752091407776,0.,-2.36127082487826));
#1395=CARTESIAN_POINT('Ctrl Pts',(1.00806261102359,0.,-2.28189602673932));
#1396=CARTESIAN_POINT('Ctrl Pts',(1.00806261102359,1.,-2.28189602673932));
#1397=CARTESIAN_POINT('Ctrl Pts',(0.986895712216695,0.,-2.32687521359209));
#1398=CARTESIAN_POINT('Ctrl Pts',(0.986895712216695,1.,-2.32687521359209));
#1399=CARTESIAN_POINT('Ctrl Pts',(0.963083424170812,0.,-2.36127082487826));
#1400=CARTESIAN_POINT('Ctrl Pts',(0.963083424170812,1.,-2.36127082487826));
#1401=CARTESIAN_POINT('Ctrl Pts',(0.90752091407776,0.,-2.36127082487826));
#1402=CARTESIAN_POINT('Ctrl Pts',(0.90752091407776,1.,-2.36127082487826));
#1403=CARTESIAN_POINT('',(1.00806261102359,0.,-2.28189602673932));
#1404=CARTESIAN_POINT('Ctrl Pts',(1.00806261102359,0.,-2.28189602673932));
#1405=CARTESIAN_POINT('Ctrl Pts',(0.986895712216695,0.,-2.32687521359209));
#1406=CARTESIAN_POINT('Ctrl Pts',(0.963083424170812,0.,-2.36127082487826));
#1407=CARTESIAN_POINT('Ctrl Pts',(0.90752091407776,0.,-2.36127082487826));
#1408=CARTESIAN_POINT('',(1.00806261102359,1.,-2.28189602673932));
#1409=CARTESIAN_POINT('Ctrl Pts',(1.00806261102359,1.,-2.28189602673932));
#1410=CARTESIAN_POINT('Ctrl Pts',(0.986895712216695,1.,-2.32687521359209));
#1411=CARTESIAN_POINT('Ctrl Pts',(0.963083424170812,1.,-2.36127082487826));
#1412=CARTESIAN_POINT('Ctrl Pts',(0.90752091407776,1.,-2.36127082487826));
#1413=CARTESIAN_POINT('',(1.00806261102359,0.,-2.28189602673932));
#1414=CARTESIAN_POINT('Origin',(2.64583333333333,0.,0.893104225587008));
#1415=CARTESIAN_POINT('',(2.64583333333333,0.,0.893104225587009));
#1416=CARTESIAN_POINT('',(1.00806261102359,0.,-2.28189602673932));
#1417=CARTESIAN_POINT('',(2.64583333333333,1.,0.893104225587009));
#1418=CARTESIAN_POINT('',(1.00806261102359,1.,-2.28189602673932));
#1419=CARTESIAN_POINT('',(2.64583333333333,0.,0.893104225587009));
#1420=CARTESIAN_POINT('Ctrl Pts',(2.80193754037221,0.,-0.0250000117310306));
#1421=CARTESIAN_POINT('Ctrl Pts',(2.80193754037221,1.,-0.0250000117310306));
#1422=CARTESIAN_POINT('Ctrl Pts',(2.80193754037221,0.,0.303083261043984));
#1423=CARTESIAN_POINT('Ctrl Pts',(2.80193754037221,1.,0.303083261043984));
#1424=CARTESIAN_POINT('Ctrl Pts',(2.74372938871384,0.,0.609999887338438));
#1425=CARTESIAN_POINT('Ctrl Pts',(2.74372938871384,1.,0.609999887338438));
#1426=CARTESIAN_POINT('Ctrl Pts',(2.64583333333333,0.,0.893104225587009));
#1427=CARTESIAN_POINT('Ctrl Pts',(2.64583333333333,1.,0.893104225587009));
#1428=CARTESIAN_POINT('',(2.80193754037221,0.,-0.0250000117310306));
#1429=CARTESIAN_POINT('Ctrl Pts',(2.80193754037221,0.,-0.0250000117310306));
#1430=CARTESIAN_POINT('Ctrl Pts',(2.80193754037221,0.,0.303083261043984));
#1431=CARTESIAN_POINT('Ctrl Pts',(2.74372938871384,0.,0.609999887338438));
#1432=CARTESIAN_POINT('Ctrl Pts',(2.64583333333333,0.,0.893104225587009));
#1433=CARTESIAN_POINT('',(2.80193754037221,1.,-0.0250000117310306));
#1434=CARTESIAN_POINT('Ctrl Pts',(2.80193754037221,1.,-0.0250000117310306));
#1435=CARTESIAN_POINT('Ctrl Pts',(2.80193754037221,1.,0.303083261043984));
#1436=CARTESIAN_POINT('Ctrl Pts',(2.74372938871384,1.,0.609999887338438));
#1437=CARTESIAN_POINT('Ctrl Pts',(2.64583333333333,1.,0.893104225587009));
#1438=CARTESIAN_POINT('',(2.80193754037221,0.,-0.0250000117310306));
#1439=CARTESIAN_POINT('Ctrl Pts',(5.55111512312578E-16,0.,-2.82693755210324));
#1440=CARTESIAN_POINT('Ctrl Pts',(5.55111512312578E-16,1.,-2.82693755210324));
#1441=CARTESIAN_POINT('Ctrl Pts',(1.53193774223328,0.,-2.82693755210324));
#1442=CARTESIAN_POINT('Ctrl Pts',(1.53193774223328,1.,-2.82693755210324));
#1443=CARTESIAN_POINT('Ctrl Pts',(2.78870857556661,0.,-1.55693775396431));
#1444=CARTESIAN_POINT('Ctrl Pts',(2.78870857556661,1.,-1.55693775396431));
#1445=CARTESIAN_POINT('Ctrl Pts',(2.80193754037221,0.,-0.0250000117310306));
#1446=CARTESIAN_POINT('Ctrl Pts',(2.80193754037221,1.,-0.0250000117310306));
#1447=CARTESIAN_POINT('',(5.55111512312578E-16,0.,-2.82693755210324));
#1448=CARTESIAN_POINT('Ctrl Pts',(5.55111512312578E-16,0.,-2.82693755210324));
#1449=CARTESIAN_POINT('Ctrl Pts',(1.53193774223328,0.,-2.82693755210324));
#1450=CARTESIAN_POINT('Ctrl Pts',(2.78870857556661,0.,-1.55693775396431));
#1451=CARTESIAN_POINT('Ctrl Pts',(2.80193754037221,0.,-0.0250000117310306));
#1452=CARTESIAN_POINT('',(5.55111512312578E-16,1.,-2.82693755210324));
#1453=CARTESIAN_POINT('Ctrl Pts',(5.55111512312578E-16,1.,-2.82693755210324));
#1454=CARTESIAN_POINT('Ctrl Pts',(1.53193774223328,1.,-2.82693755210324));
#1455=CARTESIAN_POINT('Ctrl Pts',(2.78870857556661,1.,-1.55693775396431));
#1456=CARTESIAN_POINT('Ctrl Pts',(2.80193754037221,1.,-0.0250000117310306));
#1457=CARTESIAN_POINT('',(5.55111512312578E-16,0.,-2.82693755210324));
#1458=CARTESIAN_POINT('Ctrl Pts',(-2.78870832324028,0.,-0.0250000117310306));
#1459=CARTESIAN_POINT('Ctrl Pts',(-2.78870832324028,1.,-0.0250000117310306));
#1460=CARTESIAN_POINT('Ctrl Pts',(-2.78870832324028,0.,-1.55693775396431));
#1461=CARTESIAN_POINT('Ctrl Pts',(-2.78870832324028,1.,-1.55693775396431));
#1462=CARTESIAN_POINT('Ctrl Pts',(-1.53193748990695,0.,-2.82693755210324));
#1463=CARTESIAN_POINT('Ctrl Pts',(-1.53193748990695,1.,-2.82693755210324));
#1464=CARTESIAN_POINT('Ctrl Pts',(5.55111512312578E-16,0.,-2.82693755210324));
#1465=CARTESIAN_POINT('Ctrl Pts',(5.55111512312578E-16,1.,-2.82693755210324));
#1466=CARTESIAN_POINT('',(-2.78870832324028,0.,-0.0250000117310306));
#1467=CARTESIAN_POINT('Ctrl Pts',(-2.78870832324028,0.,-0.0250000117310306));
#1468=CARTESIAN_POINT('Ctrl Pts',(-2.78870832324028,0.,-1.55693775396431));
#1469=CARTESIAN_POINT('Ctrl Pts',(-1.53193748990695,0.,-2.82693755210324));
#1470=CARTESIAN_POINT('Ctrl Pts',(5.55111512312578E-16,0.,-2.82693755210324));
#1471=CARTESIAN_POINT('',(-2.78870832324028,1.,-0.0250000117310306));
#1472=CARTESIAN_POINT('Ctrl Pts',(-2.78870832324028,1.,-0.0250000117310306));
#1473=CARTESIAN_POINT('Ctrl Pts',(-2.78870832324028,1.,-1.55693775396431));
#1474=CARTESIAN_POINT('Ctrl Pts',(-1.53193748990695,1.,-2.82693755210324));
#1475=CARTESIAN_POINT('Ctrl Pts',(5.55111512312578E-16,1.,-2.82693755210324));
#1476=CARTESIAN_POINT('',(-2.78870832324028,0.,-0.0250000117310306));
#1477=CARTESIAN_POINT('Ctrl Pts',(-2.62995834847291,0.,0.893104225587009));
#1478=CARTESIAN_POINT('Ctrl Pts',(-2.62995834847291,1.,0.893104225587009));
#1479=CARTESIAN_POINT('Ctrl Pts',(-2.73314584468802,0.,0.596770922532835));
#1480=CARTESIAN_POINT('Ctrl Pts',(-2.73314584468802,1.,0.596770922532835));
#1481=CARTESIAN_POINT('Ctrl Pts',(-2.78870832324028,0.,0.292499937803704));
#1482=CARTESIAN_POINT('Ctrl Pts',(-2.78870832324028,1.,0.292499937803704));
#1483=CARTESIAN_POINT('Ctrl Pts',(-2.78870832324028,0.,-0.0250000117310306));
#1484=CARTESIAN_POINT('Ctrl Pts',(-2.78870832324028,1.,-0.0250000117310306));
#1485=CARTESIAN_POINT('Ctrl Pts',(-2.62995834847291,0.,0.893104225587009));
#1486=CARTESIAN_POINT('Ctrl Pts',(-2.73314584468802,0.,0.596770922532835));
#1487=CARTESIAN_POINT('Ctrl Pts',(-2.78870832324028,0.,0.292499937803704));
#1488=CARTESIAN_POINT('Ctrl Pts',(-2.78870832324028,0.,-0.0250000117310306));
#1489=CARTESIAN_POINT('Ctrl Pts',(-2.62995834847291,1.,0.893104225587009));
#1490=CARTESIAN_POINT('Ctrl Pts',(-2.73314584468802,1.,0.596770922532835));
#1491=CARTESIAN_POINT('Ctrl Pts',(-2.78870832324028,1.,0.292499937803704));
#1492=CARTESIAN_POINT('Ctrl Pts',(-2.78870832324028,1.,-0.0250000117310306));
#1493=CARTESIAN_POINT('Ctrl Pts',(5.55111512312578E-16,0.,3.14999998826897));
#1494=CARTESIAN_POINT('Ctrl Pts',(5.55111512312578E-16,1.,3.14999998826897));
#1495=CARTESIAN_POINT('Ctrl Pts',(1.75683317184448,0.,3.14999998826897));
#1496=CARTESIAN_POINT('Ctrl Pts',(1.75683317184448,1.,3.14999998826897));
#1497=CARTESIAN_POINT('Ctrl Pts',(3.175,0.,1.73183316011345));
#1498=CARTESIAN_POINT('Ctrl Pts',(3.175,1.,1.73183316011345));
#1499=CARTESIAN_POINT('Ctrl Pts',(3.175,0.,-0.0250000117310306));
#1500=CARTESIAN_POINT('Ctrl Pts',(3.175,1.,-0.0250000117310306));
#1501=CARTESIAN_POINT('',(3.175,0.,-0.0250000117310306));
#1502=CARTESIAN_POINT('',(5.55111512312578E-16,0.,3.14999998826897));
#1503=CARTESIAN_POINT('Ctrl Pts',(3.175,0.,-0.0250000117310306));
#1504=CARTESIAN_POINT('Ctrl Pts',(3.175,0.,1.73183316011345));
#1505=CARTESIAN_POINT('Ctrl Pts',(1.75683317184448,0.,3.14999998826897));
#1506=CARTESIAN_POINT('Ctrl Pts',(5.55111512312578E-16,0.,3.14999998826897));
#1507=CARTESIAN_POINT('',(3.175,1.,-0.0250000117310306));
#1508=CARTESIAN_POINT('',(3.175,0.,-0.0250000117310306));
#1509=CARTESIAN_POINT('',(5.55111512312578E-16,1.,3.14999998826897));
#1510=CARTESIAN_POINT('Ctrl Pts',(5.55111512312578E-16,1.,3.14999998826897));
#1511=CARTESIAN_POINT('Ctrl Pts',(1.75683317184448,1.,3.14999998826897));
#1512=CARTESIAN_POINT('Ctrl Pts',(3.175,1.,1.73183316011345));
#1513=CARTESIAN_POINT('Ctrl Pts',(3.175,1.,-0.0250000117310306));
#1514=CARTESIAN_POINT('',(5.55111512312578E-16,0.,3.14999998826897));
#1515=CARTESIAN_POINT('Ctrl Pts',(-3.175,0.,-0.0250000117310306));
#1516=CARTESIAN_POINT('Ctrl Pts',(-3.175,1.,-0.0250000117310306));
#1517=CARTESIAN_POINT('Ctrl Pts',(-3.175,0.,1.73183328627662));
#1518=CARTESIAN_POINT('Ctrl Pts',(-3.175,1.,1.73183328627662));
#1519=CARTESIAN_POINT('Ctrl Pts',(-1.75683329800765,0.,3.14999998826897));
#1520=CARTESIAN_POINT('Ctrl Pts',(-1.75683329800765,1.,3.14999998826897));
#1521=CARTESIAN_POINT('Ctrl Pts',(5.55111512312578E-16,0.,3.14999998826897));
#1522=CARTESIAN_POINT('Ctrl Pts',(5.55111512312578E-16,1.,3.14999998826897));
#1523=CARTESIAN_POINT('',(-3.175,0.,-0.0250000117310306));
#1524=CARTESIAN_POINT('Ctrl Pts',(5.55111512312578E-16,0.,3.14999998826897));
#1525=CARTESIAN_POINT('Ctrl Pts',(-1.75683329800765,0.,3.14999998826897));
#1526=CARTESIAN_POINT('Ctrl Pts',(-3.175,0.,1.73183328627662));
#1527=CARTESIAN_POINT('Ctrl Pts',(-3.175,0.,-0.0250000117310306));
#1528=CARTESIAN_POINT('',(-3.175,1.,-0.0250000117310306));
#1529=CARTESIAN_POINT('Ctrl Pts',(-3.175,1.,-0.0250000117310306));
#1530=CARTESIAN_POINT('Ctrl Pts',(-3.175,1.,1.73183328627662));
#1531=CARTESIAN_POINT('Ctrl Pts',(-1.75683329800765,1.,3.14999998826897));
#1532=CARTESIAN_POINT('Ctrl Pts',(5.55111512312578E-16,1.,3.14999998826897));
#1533=CARTESIAN_POINT('',(-3.175,0.,-0.0250000117310306));
#1534=CARTESIAN_POINT('Ctrl Pts',(5.55111512312578E-16,0.,-3.20000001173103));
#1535=CARTESIAN_POINT('Ctrl Pts',(5.55111512312578E-16,1.,-3.20000001173103));
#1536=CARTESIAN_POINT('Ctrl Pts',(-1.75683329800765,0.,-3.20000001173103));
#1537=CARTESIAN_POINT('Ctrl Pts',(-1.75683329800765,1.,-3.20000001173103));
#1538=CARTESIAN_POINT('Ctrl Pts',(-3.175,0.,-1.78183318357551));
#1539=CARTESIAN_POINT('Ctrl Pts',(-3.175,1.,-1.78183318357551));
#1540=CARTESIAN_POINT('Ctrl Pts',(-3.175,0.,-0.0250000117310306));
#1541=CARTESIAN_POINT('Ctrl Pts',(-3.175,1.,-0.0250000117310306));
#1542=CARTESIAN_POINT('',(5.55111512312578E-16,0.,-3.20000001173103));
#1543=CARTESIAN_POINT('Ctrl Pts',(-3.175,0.,-0.0250000117310306));
#1544=CARTESIAN_POINT('Ctrl Pts',(-3.175,0.,-1.78183318357551));
#1545=CARTESIAN_POINT('Ctrl Pts',(-1.75683329800765,0.,-3.20000001173103));
#1546=CARTESIAN_POINT('Ctrl Pts',(5.55111512312578E-16,0.,-3.20000001173103));
#1547=CARTESIAN_POINT('',(5.55111512312578E-16,1.,-3.20000001173103));
#1548=CARTESIAN_POINT('Ctrl Pts',(5.55111512312578E-16,1.,-3.20000001173103));
#1549=CARTESIAN_POINT('Ctrl Pts',(-1.75683329800765,1.,-3.20000001173103));
#1550=CARTESIAN_POINT('Ctrl Pts',(-3.175,1.,-1.78183318357551));
#1551=CARTESIAN_POINT('Ctrl Pts',(-3.175,1.,-0.0250000117310306));
#1552=CARTESIAN_POINT('',(5.55111512312578E-16,0.,-3.20000001173103));
#1553=CARTESIAN_POINT('Ctrl Pts',(3.175,0.,-0.0250000117310306));
#1554=CARTESIAN_POINT('Ctrl Pts',(3.175,1.,-0.0250000117310306));
#1555=CARTESIAN_POINT('Ctrl Pts',(3.175,0.,-1.78183318357551));
#1556=CARTESIAN_POINT('Ctrl Pts',(3.175,1.,-1.78183318357551));
#1557=CARTESIAN_POINT('Ctrl Pts',(1.75683317184448,0.,-3.20000001173103));
#1558=CARTESIAN_POINT('Ctrl Pts',(1.75683317184448,1.,-3.20000001173103));
#1559=CARTESIAN_POINT('Ctrl Pts',(5.55111512312578E-16,0.,-3.20000001173103));
#1560=CARTESIAN_POINT('Ctrl Pts',(5.55111512312578E-16,1.,-3.20000001173103));
#1561=CARTESIAN_POINT('Ctrl Pts',(5.55111512312578E-16,0.,-3.20000001173103));
#1562=CARTESIAN_POINT('Ctrl Pts',(1.75683317184448,0.,-3.20000001173103));
#1563=CARTESIAN_POINT('Ctrl Pts',(3.175,0.,-1.78183318357551));
#1564=CARTESIAN_POINT('Ctrl Pts',(3.175,0.,-0.0250000117310306));
#1565=CARTESIAN_POINT('Ctrl Pts',(3.175,1.,-0.0250000117310306));
#1566=CARTESIAN_POINT('Ctrl Pts',(3.175,1.,-1.78183318357551));
#1567=CARTESIAN_POINT('Ctrl Pts',(1.75683317184448,1.,-3.20000001173103));
#1568=CARTESIAN_POINT('Ctrl Pts',(5.55111512312578E-16,1.,-3.20000001173103));
#1569=CARTESIAN_POINT('Origin',(5.55111512312578E-16,1.,-0.0250000117310306));
#1570=CARTESIAN_POINT('Origin',(5.55111512312578E-16,0.,-0.0250000117310306));
#1571=UNCERTAINTY_MEASURE_WITH_UNIT(LENGTH_MEASURE(0.01),#1575,
'DISTANCE_ACCURACY_VALUE',
'Maximum model space distance between geometric entities at asserted c
onnectivities');
#1572=UNCERTAINTY_MEASURE_WITH_UNIT(LENGTH_MEASURE(0.01),#1575,
'DISTANCE_ACCURACY_VALUE',
'Maximum model space distance between geometric entities at asserted c
onnectivities');
#1573=(
GEOMETRIC_REPRESENTATION_CONTEXT(3)
GLOBAL_UNCERTAINTY_ASSIGNED_CONTEXT((#1571))
GLOBAL_UNIT_ASSIGNED_CONTEXT((#1575,#1577,#1578))
REPRESENTATION_CONTEXT('','3D')
);
#1574=(
GEOMETRIC_REPRESENTATION_CONTEXT(3)
GLOBAL_UNCERTAINTY_ASSIGNED_CONTEXT((#1572))
GLOBAL_UNIT_ASSIGNED_CONTEXT((#1575,#1577,#1578))
REPRESENTATION_CONTEXT('','3D')
);
#1575=(
LENGTH_UNIT()
NAMED_UNIT(*)
SI_UNIT(.MILLI.,.METRE.)
);
#1576=(
LENGTH_UNIT()
NAMED_UNIT(*)
SI_UNIT($,.METRE.)
);
#1577=(
NAMED_UNIT(*)
PLANE_ANGLE_UNIT()
SI_UNIT($,.RADIAN.)
);
#1578=(
NAMED_UNIT(*)
SI_UNIT($,.STERADIAN.)
SOLID_ANGLE_UNIT()
);
#1579=SHAPE_DEFINITION_REPRESENTATION(#1580,#1581);
#1580=PRODUCT_DEFINITION_SHAPE('',$,#1583);
#1581=SHAPE_REPRESENTATION('',(#855),#1573);
#1582=PRODUCT_DEFINITION_CONTEXT('part definition',#1587,'design');
#1583=PRODUCT_DEFINITION('2026-10-03-23-21-48-406','VolkswagenLogo',#1584,
#1582);
#1584=PRODUCT_DEFINITION_FORMATION('',$,#1589);
#1585=PRODUCT_RELATED_PRODUCT_CATEGORY('VolkswagenLogo',
'VolkswagenLogo',(#1589));
#1586=APPLICATION_PROTOCOL_DEFINITION('international standard',
'automotive_design',2009,#1587);
#1587=APPLICATION_CONTEXT(
'Core Data for Automotive Mechanical Design Process');
#1588=PRODUCT_CONTEXT('part definition',#1587,'mechanical');
#1589=PRODUCT('2026-10-03-23-21-48-406','VolkswagenLogo',$,(#1588));
#1590=PRESENTATION_STYLE_ASSIGNMENT((#1591));
#1591=SURFACE_STYLE_USAGE(.BOTH.,#1592);
#1592=SURFACE_SIDE_STYLE('',(#1593));
#1593=SURFACE_STYLE_FILL_AREA(#1594);
#1594=FILL_AREA_STYLE('Paint - Enamel Glossy (Black)',(#1595));
#1595=FILL_AREA_STYLE_COLOUR('Paint - Enamel Glossy (Black)',#1596);
#1596=COLOUR_RGB('Paint - Enamel Glossy (Black)',0.0980392156862745,0.0980392156862745,
0.0980392156862745);
ENDSEC;
END-ISO-10303-21;
